AccoID,AccoDate,AccoDocNo,AccoTypeId,AccoAmount,AccoDebit,AccoCredit,VatRateId,VatAmount,SessionID,AuditNo,AuditSubNo,WeekNo,Total,AccoDateStamp,Quantity,Discount,UnitPrice,StockCateDesc,StockName,StockSizeDesc,StockDesciption
1168504,2025-11-05 08:20:00,224522/161,7,-103.2,103.2,0.0,0,0.0,19303,250554,438624,45,True,2025-11-05 08:20:18.357,4.0,0.0,8.0,Extra,EXTRA,None,egg breakfast
1168504,2025-11-05 08:20:00,224522/161,7,-103.2,103.2,0.0,0,0.0,19303,250554,438624,45,True,2025-11-05 08:20:18.357,1.0,0.20000000298023224,26.0,Beverages Tea,TEA,None,earl grey
1168504,2025-11-05 08:20:00,224522/161,7,-103.2,103.2,0.0,0,0.0,19303,250554,438624,45,True,2025-11-05 08:20:18.357,1.0,0.20000000298023224,63.0,Breakfast,BREAKFAST,None,granola
1168509,2025-11-05 08:30:00,224523/1,7,-72.0,72.0,0.0,0,0.0,19305,250555,438626,45,True,2025-11-05 08:29:49.110,2.0,0.0,36.0,Beverages Coffee,COFFEE,large,cappuccino
1168514,2025-11-05 08:33:00,224524,7,-264.0,264.0,0.0,0,0.0,19305,250556,0,45,True,2025-11-05 08:33:00.143,2.0,0.0,24.0,Beverages Tea,TEA,None,rooibos
1168514,2025-11-05 08:33:00,224524,7,-264.0,264.0,0.0,0,0.0,19305,250556,0,45,True,2025-11-05 08:33:00.143,6.0,0.0,36.0,Beverages Coffee,COFFEE,large,cappuccino
1168517,2025-11-05 08:36:00,224525,7,-55.0,55.0,0.0,0,0.0,19306,250557,0,45,True,2025-11-05 08:36:01.203,1.0,0.0,36.0,Beverages Coffee,COFFEE,large,cappuccino
1168517,2025-11-05 08:36:00,224525,7,-55.0,55.0,0.0,0,0.0,19306,250557,0,45,True,2025-11-05 08:36:01.203,1.0,0.0,19.0,Beverages Cold,ICE COFFEE,None,black
1168520,2025-11-05 08:40:00,224526/4,7,-100.0,100.0,0.0,0,0.0,19305,250558,438628,45,True,2025-11-05 08:40:24.977,1.0,0.0,100.0,Deli-honey,HONEY,500ml,menno multi flora
1168525,2025-11-05 08:43:00,224527/6,7,-42.4,42.4,0.0,0,0.0,19305,250559,438630,45,True,2025-11-05 08:43:18.827,1.0,0.20000000298023224,24.0,Beverages Tea,TEA,None,tea five roses
1168525,2025-11-05 08:43:00,224527/6,7,-42.4,42.4,0.0,0,0.0,19305,250559,438630,45,True,2025-11-05 08:43:18.827,1.0,0.20000000298023224,29.0,Beverages Coffee,COFFEE,regular,cappuccino
1168530,2025-11-05 08:51:00,224528/7,7,-256.0,256.0,0.0,0,0.0,19305,250560,438632,45,True,2025-11-05 08:51:31.427,1.0,0.0,29.0,Mineral cooldrinks,COKE,300ml,original  
1168530,2025-11-05 08:51:00,224528/7,7,-256.0,256.0,0.0,0,0.0,19305,250560,438632,45,True,2025-11-05 08:51:31.427,1.0,0.0,29.0,Beverages Cold,ICE COFFEE,None,milk 
1168530,2025-11-05 08:51:00,224528/7,7,-256.0,256.0,0.0,0,0.0,19305,250560,438632,45,True,2025-11-05 08:51:31.427,1.0,0.0,139.0,Tramezinni's,TRAMEZZINI,small,"chicken, mayo, bacon, feta  "
1168530,2025-11-05 08:51:00,224528/7,7,-256.0,256.0,0.0,0,0.0,19305,250560,438632,45,True,2025-11-05 08:51:31.427,1.0,0.0,59.0,Toasted sandwiches,TOASTED SANDWICH,None,cheese and ham
1168537,2025-11-05 08:55:00,224529/9,7,-436.0,436.0,0.0,0,0.0,19305,250562,438634,45,True,2025-11-05 08:54:45.597,1.0,0.0,8.0,Extra,EXTRA,None,egg breakfast
1168537,2025-11-05 08:55:00,224529/9,7,-436.0,436.0,0.0,0,0.0,19305,250562,438634,45,True,2025-11-05 08:54:45.597,1.0,0.0,12.0,Extra,EXTRA,Slice,toast gluten free extra slice
1168537,2025-11-05 08:55:00,224529/9,7,-436.0,436.0,0.0,0,0.0,19305,250562,438634,45,True,2025-11-05 08:54:45.597,1.0,0.0,24.0,Beverages Tea,TEA,None,rooibos
1168537,2025-11-05 08:55:00,224529/9,7,-436.0,436.0,0.0,0,0.0,19305,250562,438634,45,True,2025-11-05 08:54:45.597,1.0,0.0,36.0,Beverages Coffee,COFFEE,large,cappuccino
1168537,2025-11-05 08:55:00,224529/9,7,-436.0,436.0,0.0,0,0.0,19305,250562,438634,45,True,2025-11-05 08:54:45.597,1.0,0.0,29.0,Beverages Coffee,COFFEE,regular,flat white
1168537,2025-11-05 08:55:00,224529/9,7,-436.0,436.0,0.0,0,0.0,19305,250562,438634,45,True,2025-11-05 08:54:45.597,1.0,0.0,129.0,Breakfast,BREAKFAST,None,avo full house 
1168537,2025-11-05 08:55:00,224529/9,7,-436.0,436.0,0.0,0,0.0,19305,250562,438634,45,True,2025-11-05 08:54:45.597,1.0,0.0,139.0,Breakfast,BREAKFAST,None,full house 
1168537,2025-11-05 08:55:00,224529/9,7,-436.0,436.0,0.0,0,0.0,19305,250562,438634,45,True,2025-11-05 08:54:45.597,1.0,0.0,59.0,Breakfast,BREAKFAST,single,avo and toast
1168544,2025-11-05 08:56:00,224530,7,-45.0,45.0,0.0,0,0.0,19306,250564,0,45,True,2025-11-05 08:56:12.570,1.0,0.0,20.0,Beverages Cold,WATER,500ml,thirsty mineral still
1168544,2025-11-05 08:56:00,224530,7,-45.0,45.0,0.0,0,0.0,19306,250564,0,45,True,2025-11-05 08:56:12.570,1.0,0.0,25.0,Beverages Coffee,COFFEE,cup,americano
1168547,2025-11-05 08:58:00,224531/14,7,-107.0,107.0,0.0,0,0.0,19305,250565,438636,45,True,2025-11-05 08:58:30.253,2.0,0.0,39.0,Beverages Coffee,COFFEE,None,creamuccino
1168547,2025-11-05 08:58:00,224531/14,7,-107.0,107.0,0.0,0,0.0,19305,250565,438636,45,True,2025-11-05 08:58:30.253,1.0,0.0,29.0,Beverages Coffee,COFFEE,mug,americano
1168552,2025-11-05 09:01:00,224532/16,7,-216.0,216.0,0.0,0,0.0,19306,250566,438638,45,True,2025-11-05 09:00:55.583,2.0,0.0,29.0,Beverages Coffee,COFFEE,regular,cappuccino
1168552,2025-11-05 09:01:00,224532/16,7,-216.0,216.0,0.0,0,0.0,19306,250566,438638,45,True,2025-11-05 09:00:55.583,2.0,0.0,79.0,Breakfast,BREAKFAST,None,loerie
1168559,2025-11-05 09:01:00,224533/12,7,-216.0,216.0,0.0,0,0.0,19305,250568,438640,45,True,2025-11-05 09:01:24.293,2.0,0.0,49.0,Cakes,MILK TART,Slice,none
1168559,2025-11-05 09:01:00,224533/12,7,-216.0,216.0,0.0,0,0.0,19305,250568,438640,45,True,2025-11-05 09:01:24.293,2.0,0.0,59.0,Cakes,CARROT CAKE,Slice,carrot cake
1168564,2025-11-05 09:02:00,224534/15,7,-220.0,220.0,0.0,0,0.0,19305,250569,438642,45,True,2025-11-05 09:01:44.890,1.0,0.0,36.0,Beverages Coffee,COFFEE,None,latte
1168564,2025-11-05 09:02:00,224534/15,7,-220.0,220.0,0.0,0,0.0,19305,250569,438642,45,True,2025-11-05 09:01:44.890,1.0,0.0,36.0,Beverages Coffee,COFFEE,large,cappuccino
1168564,2025-11-05 09:02:00,224534/15,7,-220.0,220.0,0.0,0,0.0,19305,250569,438642,45,True,2025-11-05 09:01:44.890,1.0,0.0,89.0,Breakfast,BREAKFAST,None,hadeda
1168564,2025-11-05 09:02:00,224534/15,7,-220.0,220.0,0.0,0,0.0,19305,250569,438642,45,True,2025-11-05 09:01:44.890,1.0,0.0,59.0,Breakfast,BREAKFAST,single,avo and toast
1168571,2025-11-05 09:09:00,224535/19,7,-36.0,36.0,0.0,0,0.0,19306,250571,438644,45,True,2025-11-05 09:09:51.640,1.0,0.0,36.0,Beverages Coffee,COFFEE,None,latte
1168576,2025-11-05 09:14:00,224536/21,7,-65.0,65.0,0.0,0,0.0,19305,250572,438646,45,True,2025-11-05 09:14:06.220,1.0,0.0,29.0,Beverages Coffee,COFFEE,mug,americano
1168576,2025-11-05 09:14:00,224536/21,7,-65.0,65.0,0.0,0,0.0,19305,250572,438646,45,True,2025-11-05 09:14:06.220,1.0,0.0,36.0,Beverages Tea,RED CAPPUCCINO,None,none
1168583,2025-11-05 09:15:00,224537/20,7,-200.0,200.0,0.0,0,0.0,19306,250574,438648,45,True,2025-11-05 09:15:27.280,1.0,0.0,30.0,Extra,EXTRA,None,avo breakfast 
1168583,2025-11-05 09:15:00,224537/20,7,-200.0,200.0,0.0,0,0.0,19306,250574,438648,45,True,2025-11-05 09:15:27.280,1.0,0.0,36.0,Beverages Coffee,COFFEE,None,latte
1168583,2025-11-05 09:15:00,224537/20,7,-200.0,200.0,0.0,0,0.0,19306,250574,438648,45,True,2025-11-05 09:15:27.280,1.0,0.0,36.0,Beverages Coffee,COFFEE,large,cappuccino
1168583,2025-11-05 09:15:00,224537/20,7,-200.0,200.0,0.0,0,0.0,19306,250574,438648,45,True,2025-11-05 09:15:27.280,1.0,0.0,69.0,Breakfast,BREAKFAST,None,wagtail
1168583,2025-11-05 09:15:00,224537/20,7,-200.0,200.0,0.0,0,0.0,19306,250574,438648,45,True,2025-11-05 09:15:27.280,1.0,0.0,29.0,Breakfast,BREAKFAST,None,poached
1168590,2025-11-05 09:17:00,224538/22,7,-36.0,36.0,0.0,0,0.0,19306,250576,438650,45,True,2025-11-05 09:17:34.720,1.0,0.0,36.0,Beverages Coffee,COFFEE,large,cappuccino
1168595,2025-11-05 09:18:00,224539/23,7,-243.0,243.0,0.0,0,0.0,19305,250577,438652,45,True,2025-11-05 09:18:18.713,1.0,0.0,59.0,Cakes Scones Muffins,SCONE,lrg,cheese jam and cream
1168595,2025-11-05 09:18:00,224539/23,7,-243.0,243.0,0.0,0,0.0,19305,250577,438652,45,True,2025-11-05 09:18:18.713,1.0,0.0,32.0,Beverages Coffee,COFFEE,cup,americano decaf
1168595,2025-11-05 09:18:00,224539/23,7,-243.0,243.0,0.0,0,0.0,19305,250577,438652,45,True,2025-11-05 09:18:18.713,1.0,0.0,39.0,Beverages Cold,ICE COFFEE,None,condensed milk
1168595,2025-11-05 09:18:00,224539/23,7,-243.0,243.0,0.0,0,0.0,19305,250577,438652,45,True,2025-11-05 09:18:18.713,1.0,0.0,113.0,Tramezinni's,TRAMEZZINI,None,chicken mayo
1168602,2025-11-05 09:19:00,224540/25,7,-127.0,127.0,0.0,0,0.0,19305,250579,438654,45,True,2025-11-05 09:19:36.983,1.0,0.0,12.0,Extra,EXTRA,None,relish breakfast
1168602,2025-11-05 09:19:00,224540/25,7,-127.0,127.0,0.0,0,0.0,19305,250579,438654,45,True,2025-11-05 09:19:36.983,1.0,0.0,36.0,Beverages Coffee,COFFEE,large,cappuccino
1168602,2025-11-05 09:19:00,224540/25,7,-127.0,127.0,0.0,0,0.0,19305,250579,438654,45,True,2025-11-05 09:19:36.983,1.0,0.0,79.0,Breakfast,BREAKFAST,None,loerie
1168609,2025-11-05 09:22:00,224541/26,7,-29.0,29.0,0.0,0,0.0,19306,250581,438656,45,True,2025-11-05 09:22:26.207,1.0,0.0,29.0,Beverages Coffee,COFFEE,regular,cappuccino
1168614,2025-11-05 09:23:00,224542/13,7,-23.2,23.2,0.0,0,0.0,19306,250582,438658,45,True,2025-11-05 09:22:50.417,1.0,0.20000000298023224,29.0,Beverages Coffee,COFFEE,regular,cappuccino
1168619,2025-11-05 09:26:00,224543/27,7,-707.0,707.0,0.0,0,0.0,19305,250583,438660,45,True,2025-11-05 09:25:41.570,2.0,0.0,12.0,Extra,EXTRA,None,relish breakfast
1168619,2025-11-05 09:26:00,224543/27,7,-707.0,707.0,0.0,0,0.0,19305,250583,438660,45,True,2025-11-05 09:25:41.570,1.0,0.0,39.0,Beverages Coffee,COFFEE,None,creamuccino
1168619,2025-11-05 09:26:00,224543/27,7,-707.0,707.0,0.0,0,0.0,19305,250583,438660,45,True,2025-11-05 09:25:41.570,1.0,0.0,20.0,Beverages Coffee,COFFEE,cup,americano black 
1168619,2025-11-05 09:26:00,224543/27,7,-707.0,707.0,0.0,0,0.0,19305,250583,438660,45,True,2025-11-05 09:25:41.570,1.0,0.0,29.0,Beverages Coffee,COFFEE,regular,cappuccino
1168619,2025-11-05 09:26:00,224543/27,7,-707.0,707.0,0.0,0,0.0,19305,250583,438660,45,True,2025-11-05 09:25:41.570,1.0,0.0,39.0,Beverages Coffee,COFFEE,regular,cappuccino almond milk
1168619,2025-11-05 09:26:00,224543/27,7,-707.0,707.0,0.0,0,0.0,19305,250583,438660,45,True,2025-11-05 09:25:41.570,1.0,0.0,29.0,Beverages Coffee,COFFEE,regular,flat white
1168619,2025-11-05 09:26:00,224543/27,7,-707.0,707.0,0.0,0,0.0,19305,250583,438660,45,True,2025-11-05 09:25:41.570,6.0,0.0,83.0,Breakfast,BREAKFAST,None,avo bacon egg toast
1168619,2025-11-05 09:26:00,224543/27,7,-707.0,707.0,0.0,0,0.0,19305,250583,438660,45,True,2025-11-05 09:25:41.570,1.0,0.0,29.0,Beverages Cold,FRUIT JUICE,glass,orange
1168626,2025-11-05 09:29:00,224544/28,7,-164.0,164.0,0.0,0,0.0,19305,250585,438662,45,True,2025-11-05 09:29:26.260,1.0,0.0,49.0,Cakes Scones Muffins,SCONE,lrg,cream jam
1168626,2025-11-05 09:29:00,224544/28,7,-164.0,164.0,0.0,0,0.0,19305,250585,438662,45,True,2025-11-05 09:29:26.260,1.0,0.0,36.0,Beverages Coffee,COFFEE,large,cappuccino
1168626,2025-11-05 09:29:00,224544/28,7,-164.0,164.0,0.0,0,0.0,19305,250585,438662,45,True,2025-11-05 09:29:26.260,1.0,0.0,20.0,Beverages Coffee,COFFEE,cup,americano black 
1168626,2025-11-05 09:29:00,224544/28,7,-164.0,164.0,0.0,0,0.0,19305,250585,438662,45,True,2025-11-05 09:29:26.260,1.0,0.0,59.0,Cakes Scones Muffins,MUFFIN BACON,None,meal 
1168633,2025-11-05 09:31:00,224545/29,7,-150.0,150.0,0.0,0,0.0,19305,250587,438664,45,True,2025-11-05 09:30:54.800,1.0,0.0,59.0,Cakes Scones Muffins,SCONE,lrg,cheese jam and cream
1168633,2025-11-05 09:31:00,224545/29,7,-150.0,150.0,0.0,0,0.0,19305,250587,438664,45,True,2025-11-05 09:30:54.800,1.0,0.0,36.0,Beverages Coffee,COFFEE,None,latte
1168633,2025-11-05 09:31:00,224545/29,7,-150.0,150.0,0.0,0,0.0,19305,250587,438664,45,True,2025-11-05 09:30:54.800,1.0,0.0,36.0,Beverages Coffee,COFFEE,large,cappuccino
1168633,2025-11-05 09:31:00,224545/29,7,-150.0,150.0,0.0,0,0.0,19305,250587,438664,45,True,2025-11-05 09:30:54.800,1.0,0.0,19.0,Cakes,BANANA CAKE,None,banana cake plain
1168640,2025-11-05 09:31:00,224546/24,7,-234.0,234.0,0.0,0,0.0,19306,250589,438666,45,True,2025-11-05 09:30:59.977,1.0,0.0,10.0,Extra,EXTRA,None,soya
1168640,2025-11-05 09:31:00,224546/24,7,-234.0,234.0,0.0,0,0.0,19306,250589,438666,45,True,2025-11-05 09:30:59.977,1.0,0.0,30.0,Extra,EXTRA,None,avo breakfast 
1168640,2025-11-05 09:31:00,224546/24,7,-234.0,234.0,0.0,0,0.0,19306,250589,438666,45,True,2025-11-05 09:30:59.977,1.0,0.0,20.0,Beverages Coffee,COFFEE,mug,americano black 
1168640,2025-11-05 09:31:00,224546/24,7,-234.0,234.0,0.0,0,0.0,19306,250589,438666,45,True,2025-11-05 09:30:59.977,1.0,0.0,36.0,Beverages Coffee,COFFEE,regular,cappuccino soya milk
1168640,2025-11-05 09:31:00,224546/24,7,-234.0,234.0,0.0,0,0.0,19306,250589,438666,45,True,2025-11-05 09:30:59.977,1.0,0.0,59.0,Breakfast,BREAKFAST,None,lite
1168640,2025-11-05 09:31:00,224546/24,7,-234.0,234.0,0.0,0,0.0,19306,250589,438666,45,True,2025-11-05 09:30:59.977,1.0,0.0,79.0,Breakfast,BREAKFAST,None,loerie
1168647,2025-11-05 09:32:00,224547/30,7,-68.0,68.0,0.0,0,0.0,19305,250591,438668,45,True,2025-11-05 09:32:11.340,1.0,0.0,39.0,Beverages Coffee,COFFEE,None,dirty chai
1168647,2025-11-05 09:32:00,224547/30,7,-68.0,68.0,0.0,0,0.0,19305,250591,438668,45,True,2025-11-05 09:32:11.340,1.0,0.0,29.0,Beverages Coffee,COFFEE,regular,cappuccino
1168652,2025-11-05 09:31:00,224548/18,7,-264.0,264.0,0.0,0,0.0,19306,250592,438670,45,True,2025-11-05 09:32:13.497,1.0,0.0,109.0,Light lunches,QUICHES,None,spinach & feta
1168652,2025-11-05 09:31:00,224548/18,7,-264.0,264.0,0.0,0,0.0,19306,250592,438670,45,True,2025-11-05 09:32:13.497,2.0,0.0,33.0,Beverages Coffee,COFFEE,mug,cappuccino
1168652,2025-11-05 09:31:00,224548/18,7,-264.0,264.0,0.0,0,0.0,19306,250592,438670,45,True,2025-11-05 09:32:13.497,1.0,0.0,89.0,Breakfast,BREAKFAST,None,hadeda
1168661,2025-11-05 09:34:00,224549/31,7,-146.0,146.0,0.0,0,0.0,19306,250595,438672,45,True,2025-11-05 09:33:58.050,1.0,0.0,20.0,Beverages Cold,WATER,500ml,thirsty mineral still
1168661,2025-11-05 09:34:00,224549/31,7,-146.0,146.0,0.0,0,0.0,19306,250595,438672,45,True,2025-11-05 09:33:58.050,2.0,0.0,63.0,Toasted sandwiches,TOASTED SANDWICH,None,chicken pesto mayo
1168668,2025-11-05 09:36:00,224550/32,7,-49.0,49.0,0.0,0,0.0,19306,250597,438674,45,True,2025-11-05 09:36:34.507,1.0,0.0,29.0,Beverages Coffee,COFFEE,mug,americano
1168668,2025-11-05 09:36:00,224550/32,7,-49.0,49.0,0.0,0,0.0,19306,250597,438674,45,True,2025-11-05 09:36:34.507,1.0,0.0,20.0,Beverages Coffee,COFFEE,mug,americano black 
1168675,2025-11-05 09:37:00,224551/33,7,-84.0,84.0,0.0,0,0.0,19305,250599,438676,45,True,2025-11-05 09:37:10.817,1.0,0.0,10.0,Extra,EXTRA,None,cream pouring
1168675,2025-11-05 09:37:00,224551/33,7,-84.0,84.0,0.0,0,0.0,19305,250599,438676,45,True,2025-11-05 09:37:10.817,3.0,0.0,8.0,Extra,EXTRA,None,egg breakfast
1168675,2025-11-05 09:37:00,224551/33,7,-84.0,84.0,0.0,0,0.0,19305,250599,438676,45,True,2025-11-05 09:37:10.817,1.0,0.0,30.0,Extra,EXTRA,None,avo breakfast 
1168675,2025-11-05 09:37:00,224551/33,7,-84.0,84.0,0.0,0,0.0,19305,250599,438676,45,True,2025-11-05 09:37:10.817,1.0,0.0,20.0,Beverages Coffee,COFFEE,mug,americano black 
1168682,2025-11-05 09:41:00,224552/35,7,-29.0,29.0,0.0,0,0.0,19305,250601,438678,45,True,2025-11-05 09:41:10.233,1.0,0.0,29.0,Mineral cooldrinks,SPRITE ZERO,340ml,can
1168687,2025-11-05 09:42:00,224553/34,7,-341.0,341.0,0.0,0,0.0,19306,250602,438680,45,True,2025-11-05 09:42:37.530,1.0,0.0,36.0,Beverages Coffee,COFFEE,None,latte
1168687,2025-11-05 09:42:00,224553/34,7,-341.0,341.0,0.0,0,0.0,19306,250602,438680,45,True,2025-11-05 09:42:37.530,1.0,0.0,36.0,Beverages Coffee,COFFEE,large,cappuccino
1168687,2025-11-05 09:42:00,224553/34,7,-341.0,341.0,0.0,0,0.0,19306,250602,438680,45,True,2025-11-05 09:42:37.530,1.0,0.0,20.0,Beverages Coffee,COFFEE,mug,americano black 
1168687,2025-11-05 09:42:00,224553/34,7,-341.0,341.0,0.0,0,0.0,19306,250602,438680,45,True,2025-11-05 09:42:37.530,3.0,0.0,83.0,Breakfast,BREAKFAST,None,avo bacon egg toast
1168694,2025-11-05 09:43:00,224554/36,7,-238.0,238.0,0.0,0,0.0,19305,250604,438682,45,True,2025-11-05 09:43:23.190,1.0,0.0,20.0,Beverages Cold,WATER,500ml,sparkling
1168694,2025-11-05 09:43:00,224554/36,7,-238.0,238.0,0.0,0,0.0,19305,250604,438682,45,True,2025-11-05 09:43:23.190,2.0,0.0,39.0,Extra,EXTRA,Each,salad
1168694,2025-11-05 09:43:00,224554/36,7,-238.0,238.0,0.0,0,0.0,19305,250604,438682,45,True,2025-11-05 09:43:23.190,1.0,0.0,25.0,Beverages Coffee,COFFEE,cup,americano
1168694,2025-11-05 09:43:00,224554/36,7,-238.0,238.0,0.0,0,0.0,19305,250604,438682,45,True,2025-11-05 09:43:23.190,1.0,0.0,29.0,Beverages Coffee,COFFEE,regular,cappuccino
1168694,2025-11-05 09:43:00,224554/36,7,-238.0,238.0,0.0,0,0.0,19305,250604,438682,45,True,2025-11-05 09:43:23.190,2.0,0.0,43.0,Toasted sandwiches,TOASTED SANDWICH,None,cheese and tomotoe
1168701,2025-11-05 09:44:00,224555/37,7,-176.0,176.0,0.0,0,0.0,19306,250606,438684,45,True,2025-11-05 09:44:22.687,2.0,0.0,29.0,Beverages Coffee,COFFEE,mug,americano
1168701,2025-11-05 09:44:00,224555/37,7,-176.0,176.0,0.0,0,0.0,19306,250606,438684,45,True,2025-11-05 09:44:22.687,2.0,0.0,59.0,Breakfast,BREAKFAST,single,avo and toast
1168708,2025-11-05 09:50:00,224556/39,7,-553.0,553.0,0.0,0,0.0,19305,250608,438686,45,True,2025-11-05 09:50:01.727,1.0,0.0,8.0,Extra,EXTRA,None,egg breakfast
1168708,2025-11-05 09:50:00,224556/39,7,-553.0,553.0,0.0,0,0.0,19305,250608,438686,45,True,2025-11-05 09:50:01.727,4.0,0.0,36.0,Beverages Coffee,COFFEE,large,cappuccino
1168708,2025-11-05 09:50:00,224556/39,7,-553.0,553.0,0.0,0,0.0,19305,250608,438686,45,True,2025-11-05 09:50:01.727,1.0,0.0,46.0,Beverages Coffee,COFFEE,large,cappuccino almond milk
1168708,2025-11-05 09:50:00,224556/39,7,-553.0,553.0,0.0,0,0.0,19305,250608,438686,45,True,2025-11-05 09:50:01.727,1.0,0.0,20.0,Beverages Coffee,COFFEE,mug,americano black 
1168708,2025-11-05 09:50:00,224556/39,7,-553.0,553.0,0.0,0,0.0,19305,250608,438686,45,True,2025-11-05 09:50:01.727,1.0,0.0,59.0,Breakfast,BREAKFAST,None,café breakfast
1168708,2025-11-05 09:50:00,224556/39,7,-553.0,553.0,0.0,0,0.0,19305,250608,438686,45,True,2025-11-05 09:50:01.727,1.0,0.0,79.0,Breakfast,BREAKFAST,None,loerie
1168708,2025-11-05 09:50:00,224556/39,7,-553.0,553.0,0.0,0,0.0,19305,250608,438686,45,True,2025-11-05 09:50:01.727,2.0,0.0,69.0,Breakfast,BREAKFAST,None,sunbird
1168708,2025-11-05 09:50:00,224556/39,7,-553.0,553.0,0.0,0,0.0,19305,250608,438686,45,True,2025-11-05 09:50:01.727,1.0,0.0,59.0,Breakfast,BREAKFAST,single,avo and toast
1168715,2025-11-05 09:51:00,224557/38,7,-150.0,150.0,0.0,0,0.0,19306,250610,438688,45,True,2025-11-05 09:51:16.590,1.0,0.0,12.0,Extra,EXTRA,None,relish breakfast
1168715,2025-11-05 09:51:00,224557/38,7,-150.0,150.0,0.0,0,0.0,19306,250610,438688,45,True,2025-11-05 09:51:16.590,2.0,0.0,39.0,Breakfast,BREAKFAST,None,scrambled on toast
1168715,2025-11-05 09:51:00,224557/38,7,-150.0,150.0,0.0,0,0.0,19306,250610,438688,45,True,2025-11-05 09:51:16.590,2.0,0.0,30.0,Beverages Coffee,SKINNY CAPPUCINO,large,none
1168722,2025-11-05 09:52:00,224558/40,7,-307.0,307.0,0.0,0,0.0,19305,250612,438690,45,True,2025-11-05 09:51:55.217,1.0,0.0,29.0,Mineral cooldrinks,SPRITE ZERO,340ml,can
1168722,2025-11-05 09:52:00,224558/40,7,-307.0,307.0,0.0,0,0.0,19305,250612,438690,45,True,2025-11-05 09:51:55.217,1.0,0.0,20.0,Beverages Cold,WATER,500ml,thirsty mineral still
1168722,2025-11-05 09:52:00,224558/40,7,-307.0,307.0,0.0,0,0.0,19305,250612,438690,45,True,2025-11-05 09:51:55.217,2.0,0.0,129.0,Breakfast,BREAKFAST,None,burger
1168729,2025-11-05 09:53:00,224559/42,7,-92.0,92.0,0.0,0,0.0,19305,250614,438692,45,True,2025-11-05 09:53:16.520,1.0,0.0,29.0,Mineral cooldrinks,COKE,300ml,zero
1168729,2025-11-05 09:53:00,224559/42,7,-92.0,92.0,0.0,0,0.0,19305,250614,438692,45,True,2025-11-05 09:53:16.520,1.0,0.0,63.0,Toasted sandwiches,TOASTED SANDWICH,None,cheese and bacon and egg
1168736,2025-11-05 09:54:00,224560/43,7,-29.0,29.0,0.0,0,0.0,19305,250616,438694,45,True,2025-11-05 09:54:09.553,1.0,0.0,29.0,Beverages Cold,FRUIT JUICE,glass,orange
1168741,2025-11-05 09:54:00,224561/41,7,-49.0,49.0,0.0,0,0.0,19306,250617,438696,45,True,2025-11-05 09:54:23.073,1.0,0.0,49.0,Cakes Scones Muffins,MUFFIN FRUIT,None,meal 
1168748,2025-11-05 09:56:00,224562/44,7,-72.0,72.0,0.0,0,0.0,19306,250619,438698,45,True,2025-11-05 09:57:05.350,2.0,0.0,36.0,Beverages Coffee,COFFEE,large,cappuccino
1168755,2025-11-05 10:03:00,224563/45,7,-65.0,65.0,0.0,0,0.0,19306,250621,438700,45,True,2025-11-05 10:03:37.057,1.0,0.0,29.0,Mineral cooldrinks,COKE,300ml,zero
1168755,2025-11-05 10:03:00,224563/45,7,-65.0,65.0,0.0,0,0.0,19306,250621,438700,45,True,2025-11-05 10:03:37.057,1.0,0.0,36.0,Beverages Coffee,COFFEE,large,cappuccino
1168760,2025-11-05 10:04:00,224564/46,7,-198.0,198.0,0.0,0,0.0,19305,250622,438702,45,True,2025-11-05 10:03:37.927,2.0,0.0,36.0,Beverages Coffee,COFFEE,large,cappuccino
1168760,2025-11-05 10:04:00,224564/46,7,-198.0,198.0,0.0,0,0.0,19305,250622,438702,45,True,2025-11-05 10:03:37.927,2.0,0.0,63.0,Toasted sandwiches,TOASTED SANDWICH,None,cheese and bacon and egg
1168769,2025-11-05 10:08:00,224565/49,7,-46.0,46.0,0.0,0,0.0,19305,250625,438704,45,True,2025-11-05 10:07:52.580,1.0,0.0,46.0,Beverages Coffee,COFFEE,large,cappuccino almond milk
1168776,2025-11-05 10:09:00,224566/47,7,-93.0,93.0,0.0,0,0.0,19306,250627,438706,45,True,2025-11-05 10:10:37.240,1.0,0.0,30.0,Extra,EXTRA,None,avo breakfast 
1168776,2025-11-05 10:09:00,224566/47,7,-93.0,93.0,0.0,0,0.0,19306,250627,438706,45,True,2025-11-05 10:10:37.240,1.0,0.0,24.0,Beverages Tea,TEA,None,rooibos
1168776,2025-11-05 10:09:00,224566/47,7,-93.0,93.0,0.0,0,0.0,19306,250627,438706,45,True,2025-11-05 10:10:37.240,1.0,0.0,39.0,Breakfast,BREAKFAST,None,scrambled on toast
1168783,2025-11-05 10:12:00,224567/50,7,-156.0,156.0,0.0,0,0.0,19305,250629,438708,45,True,2025-11-05 10:12:08.990,1.0,0.0,49.0,Cakes Scones Muffins,SCONE,lrg,cheese jam
1168783,2025-11-05 10:12:00,224567/50,7,-156.0,156.0,0.0,0,0.0,19305,250629,438708,45,True,2025-11-05 10:12:08.990,1.0,0.0,24.0,Beverages Tea,TEA,None,rooibos
1168783,2025-11-05 10:12:00,224567/50,7,-156.0,156.0,0.0,0,0.0,19305,250629,438708,45,True,2025-11-05 10:12:08.990,1.0,0.0,24.0,Beverages Tea,TEA,None,tea five roses
1168783,2025-11-05 10:12:00,224567/50,7,-156.0,156.0,0.0,0,0.0,19305,250629,438708,45,True,2025-11-05 10:12:08.990,1.0,0.0,59.0,Cakes Scones Muffins,MUFFIN SPINACH FETA,None,meal 
1168788,2025-11-05 10:19:00,224568,7,-0.01,0.01,0.0,0,0.0,19306,250630,0,45,True,2025-11-05 10:18:45.300,1.0,0.0,0.01,Specials,SPECIAL,None,coffee 
1168790,2025-11-05 10:22:00,224569/53,7,-148.01,148.01,0.0,0,0.0,19306,250631,438710,45,True,2025-11-05 10:22:27.967,1.0,0.0,0.01,Specials,SPECIAL,None,coffee 
1168790,2025-11-05 10:22:00,224569/53,7,-148.01,148.01,0.0,0,0.0,19306,250631,438710,45,True,2025-11-05 10:22:27.967,1.0,0.0,89.0,Tramezinni's,TRAMEZZINI,None,breakfast café
1168790,2025-11-05 10:22:00,224569/53,7,-148.01,148.01,0.0,0,0.0,19306,250631,438710,45,True,2025-11-05 10:22:27.967,1.0,0.0,59.0,Toasted sandwiches,TOASTED SANDWICH,None,chicken and mayo
1168797,2025-11-05 10:26:00,224570/54,7,-280.0,280.0,0.0,0,0.0,19306,250633,438712,45,True,2025-11-05 10:26:08.107,1.0,0.0,30.0,Extra,EXTRA,None,avo breakfast 
1168797,2025-11-05 10:26:00,224570/54,7,-280.0,280.0,0.0,0,0.0,19306,250633,438712,45,True,2025-11-05 10:26:08.107,1.0,0.0,39.0,Beverages Coffee,COFFEE,None,dirty chai
1168797,2025-11-05 10:26:00,224570/54,7,-280.0,280.0,0.0,0,0.0,19306,250633,438712,45,True,2025-11-05 10:26:08.107,1.0,0.0,113.0,Open Sandwiches,OPEN TOAST,None,chicken feta basil pesto
1168797,2025-11-05 10:26:00,224570/54,7,-280.0,280.0,0.0,0,0.0,19306,250633,438712,45,True,2025-11-05 10:26:08.107,1.0,0.0,39.0,Beverages Hot,CHAI LATTE,None,none
1168797,2025-11-05 10:26:00,224570/54,7,-280.0,280.0,0.0,0,0.0,19306,250633,438712,45,True,2025-11-05 10:26:08.107,1.0,0.0,59.0,Toasted sandwiches,TOASTED SANDWICH,None,cheese and bacon
1168804,2025-11-05 10:27:00,224571/55,7,-332.0,332.0,0.0,0,0.0,19305,250635,438714,45,True,2025-11-05 10:26:54.337,1.0,0.0,29.0,Mineral cooldrinks,COKE,300ml,zero
1168804,2025-11-05 10:27:00,224571/55,7,-332.0,332.0,0.0,0,0.0,19305,250635,438714,45,True,2025-11-05 10:26:54.337,1.0,0.0,24.0,Beverages Tea,TEA,None,rooibos
1168804,2025-11-05 10:27:00,224571/55,7,-332.0,332.0,0.0,0,0.0,19305,250635,438714,45,True,2025-11-05 10:26:54.337,2.0,0.0,24.0,Beverages Tea,TEA,None,tea five roses
1168804,2025-11-05 10:27:00,224571/55,7,-332.0,332.0,0.0,0,0.0,19305,250635,438714,45,True,2025-11-05 10:26:54.337,4.0,0.0,36.0,Beverages Coffee,COFFEE,large,cappuccino
1168804,2025-11-05 10:27:00,224571/55,7,-332.0,332.0,0.0,0,0.0,19305,250635,438714,45,True,2025-11-05 10:26:54.337,3.0,0.0,29.0,Beverages Coffee,COFFEE,regular,cappuccino
1168811,2025-11-05 10:28:00,224572/17,7,-75.0,75.0,0.0,0,0.0,19305,250637,438716,45,True,2025-11-05 10:28:16.130,1.0,0.0,39.0,Beverages Cold,ICE COFFEE,None,condensed milk
1168811,2025-11-05 10:28:00,224572/17,7,-75.0,75.0,0.0,0,0.0,19305,250637,438716,45,True,2025-11-05 10:28:16.130,1.0,0.0,36.0,Beverages Tea,RED CAPPUCCINO,None,none
1168816,2025-11-05 10:30:00,224573/56,7,-25.0,25.0,0.0,0,0.0,19306,250638,438718,45,True,2025-11-05 10:30:28.657,1.0,0.0,25.0,Beverages Coffee,COFFEE,cup,americano
1168821,2025-11-05 10:33:00,224574/57,7,-199.0,199.0,0.0,0,0.0,19306,250639,438720,45,True,2025-11-05 10:32:45.780,1.0,0.0,29.0,Beverages Coffee,COFFEE,regular,cappuccino
1168821,2025-11-05 10:33:00,224574/57,7,-199.0,199.0,0.0,0,0.0,19306,250639,438720,45,True,2025-11-05 10:32:45.780,2.0,0.0,59.0,Breakfast,BREAKFAST,single,avo and toast
1168821,2025-11-05 10:33:00,224574/57,7,-199.0,199.0,0.0,0,0.0,19306,250639,438720,45,True,2025-11-05 10:32:45.780,2.0,0.0,26.0,Beverages Coffee,SKINNY CAPPUCINO,small,none
1168828,2025-11-05 10:33:00,224575/58,7,-175.0,175.0,0.0,0,0.0,19305,250641,438722,45,True,2025-11-05 10:33:00.433,1.0,0.0,24.0,Beverages Tea,TEA,None,rooibos
1168828,2025-11-05 10:33:00,224575/58,7,-175.0,175.0,0.0,0,0.0,19305,250641,438722,45,True,2025-11-05 10:33:00.433,1.0,0.0,33.0,Beverages Coffee,COFFEE,mug,cappuccino
1168828,2025-11-05 10:33:00,224575/58,7,-175.0,175.0,0.0,0,0.0,19305,250641,438722,45,True,2025-11-05 10:33:00.433,2.0,0.0,59.0,Cakes Scones Muffins,MUFFIN BACON,None,meal 
1168833,2025-11-05 10:35:00,224576/61,7,-29.0,29.0,0.0,0,0.0,19305,250642,438724,45,True,2025-11-05 10:34:53.530,1.0,0.0,29.0,Beverages Coffee,COFFEE,regular,cappuccino
1168840,2025-11-05 10:35:00,224577/59,7,-97.0,97.0,0.0,0,0.0,19306,250644,438726,45,True,2025-11-05 10:35:02.687,1.0,0.0,24.0,Beverages Tea,TEA,None,rooibos
1168840,2025-11-05 10:35:00,224577/59,7,-97.0,97.0,0.0,0,0.0,19306,250644,438726,45,True,2025-11-05 10:35:02.687,1.0,0.0,73.0,Toasted sandwiches,TOASTED SANDWICH,None,mince and cheese
1168847,2025-11-05 10:36:00,224578/60,7,-88.0,88.0,0.0,0,0.0,19305,250646,438728,45,True,2025-11-05 10:36:01.370,1.0,0.0,59.0,Cakes Scones Muffins,SCONE,lrg,cheese jam and cream
1168847,2025-11-05 10:36:00,224578/60,7,-88.0,88.0,0.0,0,0.0,19305,250646,438728,45,True,2025-11-05 10:36:01.370,1.0,0.0,29.0,Beverages Coffee,COFFEE,regular,cappuccino
1168854,2025-11-05 10:39:00,224579/64,7,-20.0,20.0,0.0,0,0.0,19305,250648,438730,45,True,2025-11-05 10:38:59.360,1.0,0.0,20.0,Beverages Cold,WATER,500ml,thirsty mineral still
1168859,2025-11-05 10:39:00,224580/62,7,-200.0,200.0,0.0,0,0.0,19306,250649,438732,45,True,2025-11-05 10:39:46.640,1.0,0.0,12.0,Extra,EXTRA,Slice,toast sour dough extra slice 
1168859,2025-11-05 10:39:00,224580/62,7,-200.0,200.0,0.0,0,0.0,19306,250649,438732,45,True,2025-11-05 10:39:46.640,1.0,0.0,8.0,Extra,EXTRA,sub,toast sour dough bfast 1 slice
1168859,2025-11-05 10:39:00,224580/62,7,-200.0,200.0,0.0,0,0.0,19306,250649,438732,45,True,2025-11-05 10:39:46.640,2.0,0.0,29.0,Beverages Coffee,COFFEE,regular,cappuccino
1168859,2025-11-05 10:39:00,224580/62,7,-200.0,200.0,0.0,0,0.0,19306,250649,438732,45,True,2025-11-05 10:39:46.640,1.0,0.0,59.0,Breakfast,BREAKFAST,None,café breakfast
1168859,2025-11-05 10:39:00,224580/62,7,-200.0,200.0,0.0,0,0.0,19306,250649,438732,45,True,2025-11-05 10:39:46.640,1.0,0.0,63.0,Toasted sandwiches,TOASTED SANDWICH,None,cheese and bacon and egg
1168864,2025-11-05 10:40:00,224581/65,7,-71.0,71.0,0.0,0,0.0,19305,250650,438734,45,True,2025-11-05 10:40:23.780,1.0,0.0,59.0,Cakes,LEMON MERINGUE,Slice,none
1168864,2025-11-05 10:40:00,224581/65,7,-71.0,71.0,0.0,0,0.0,19305,250650,438734,45,True,2025-11-05 10:40:23.780,1.0,0.0,12.0,Deli-biscuits,MERINGUE NEST,None,none
1168869,2025-11-05 10:41:00,224582/63,7,-46.4,46.4,0.0,0,0.0,19305,250651,438736,45,True,2025-11-05 10:40:56.223,2.0,0.20000000298023224,29.0,Mineral cooldrinks,COKE,300ml,original  
1168874,2025-11-05 10:43:00,224583/68,7,-136.0,136.0,0.0,0,0.0,19305,250652,438738,45,True,2025-11-05 10:42:52.093,1.0,0.0,25.0,Beverages Coffee,COFFEE,cup,nescafe classic
1168874,2025-11-05 10:43:00,224583/68,7,-136.0,136.0,0.0,0,0.0,19305,250652,438738,45,True,2025-11-05 10:42:52.093,1.0,0.0,29.0,Beverages Coffee,COFFEE,mug,americano
1168874,2025-11-05 10:43:00,224583/68,7,-136.0,136.0,0.0,0,0.0,19305,250652,438738,45,True,2025-11-05 10:42:52.093,1.0,0.0,33.0,Breakfast,BREAKFAST,None,small  
1168874,2025-11-05 10:43:00,224583/68,7,-136.0,136.0,0.0,0,0.0,19305,250652,438738,45,True,2025-11-05 10:42:52.093,1.0,0.0,49.0,Breakfast,BREAKFAST,None,baked beans bacon
1168879,2025-11-05 10:44:00,224584/66,7,-128.0,128.0,0.0,0,0.0,19306,250653,438740,45,True,2025-11-05 10:43:44.937,1.0,0.0,59.0,Cakes,CARROT CAKE,Slice,carrot cake
1168879,2025-11-05 10:44:00,224584/66,7,-128.0,128.0,0.0,0,0.0,19306,250653,438740,45,True,2025-11-05 10:43:44.937,1.0,0.0,69.0,Cakes Cheese,CHEESE CAKE,None,salted caramel
1168888,2025-11-05 10:45:00,224585/70,7,-72.0,72.0,0.0,0,0.0,19305,250656,438742,45,True,2025-11-05 10:44:50.980,2.0,0.0,36.0,Beverages Coffee,COFFEE,large,cappuccino
1168895,2025-11-05 10:48:00,224586/71,7,-69.0,69.0,0.0,0,0.0,19305,250658,438744,45,True,2025-11-05 10:47:42.750,1.0,0.0,20.0,Beverages Coffee,COFFEE,mug,americano black 
1168895,2025-11-05 10:48:00,224586/71,7,-69.0,69.0,0.0,0,0.0,19305,250658,438744,45,True,2025-11-05 10:47:42.750,1.0,0.0,49.0,Cakes Scones Muffins,MUFFIN GLUTEN FREE,None,banana choc
1168902,2025-11-05 10:48:00,224587/69,7,-210.0,210.0,0.0,0,0.0,19306,250660,438746,45,True,2025-11-05 10:48:23.620,2.0,0.0,36.0,Beverages Coffee,COFFEE,large,cappuccino
1168902,2025-11-05 10:48:00,224587/69,7,-210.0,210.0,0.0,0,0.0,19306,250660,438746,45,True,2025-11-05 10:48:23.620,2.0,0.0,69.0,Cakes Cheese,CHEESE CAKE,Slice,baked sour cream berry coulis
1168907,2025-11-05 10:48:00,224588/72,7,-105.0,105.0,0.0,0,0.0,19305,250661,438748,45,True,2025-11-05 10:48:23.773,1.0,0.0,36.0,Beverages Coffee,COFFEE,large,cappuccino
1168907,2025-11-05 10:48:00,224588/72,7,-105.0,105.0,0.0,0,0.0,19305,250661,438748,45,True,2025-11-05 10:48:23.773,1.0,0.0,69.0,Cakes Cheese,CHEESE CAKE,None,salted caramel
1168916,2025-11-05 10:50:00,224589/73,7,-83.0,83.0,0.0,0,0.0,19306,250664,438750,45,True,2025-11-05 10:50:13.843,1.0,0.0,20.0,Beverages Coffee,COFFEE,mug,americano black 
1168916,2025-11-05 10:50:00,224589/73,7,-83.0,83.0,0.0,0,0.0,19306,250664,438750,45,True,2025-11-05 10:50:13.843,1.0,0.0,63.0,Toasted sandwiches,TOASTED SANDWICH,None,chicken pesto mayo
1168923,2025-11-05 10:52:00,224590/74,7,-256.0,256.0,0.0,0,0.0,19305,250666,438752,45,True,2025-11-05 10:51:48.010,1.0,0.0,29.0,Mineral cooldrinks,COKE,300ml,original  
1168923,2025-11-05 10:52:00,224590/74,7,-256.0,256.0,0.0,0,0.0,19305,250666,438752,45,True,2025-11-05 10:51:48.010,1.0,0.0,59.0,Breakfast,BREAKFAST,None,lite
1168923,2025-11-05 10:52:00,224590/74,7,-256.0,256.0,0.0,0,0.0,19305,250666,438752,45,True,2025-11-05 10:51:48.010,1.0,0.0,129.0,Breakfast,BREAKFAST,None,avo full house 
1168923,2025-11-05 10:52:00,224590/74,7,-256.0,256.0,0.0,0,0.0,19305,250666,438752,45,True,2025-11-05 10:51:48.010,1.0,0.0,39.0,Beverages Hot,CHAI LATTE,None,none
1168930,2025-11-05 10:52:00,224591/77,7,-115.0,115.0,0.0,0,0.0,19305,250668,438754,45,True,2025-11-05 10:52:26.017,1.0,0.0,36.0,Beverages Tea,RED CAPPUCCINO,None,none
1168930,2025-11-05 10:52:00,224591/77,7,-115.0,115.0,0.0,0,0.0,19305,250668,438754,45,True,2025-11-05 10:52:26.017,1.0,0.0,79.0,Cakes,LAMINGTON,None,none
1168937,2025-11-05 10:53:00,224592/76,7,-85.0,85.0,0.0,0,0.0,19306,250670,438756,45,True,2025-11-05 10:52:52.230,1.0,0.0,49.0,Cakes,MILK TART,Slice,none
1168937,2025-11-05 10:53:00,224592/76,7,-85.0,85.0,0.0,0,0.0,19306,250670,438756,45,True,2025-11-05 10:52:52.230,1.0,0.0,36.0,Beverages Coffee,COFFEE,large,cappuccino
1168944,2025-11-05 10:59:00,224593/79,7,-277.0,277.0,0.0,0,0.0,19306,250672,438758,45,True,2025-11-05 10:59:28.110,1.0,0.0,29.0,Beverages Coffee,COFFEE,regular,cappuccino
1168944,2025-11-05 10:59:00,224593/79,7,-277.0,277.0,0.0,0,0.0,19306,250672,438758,45,True,2025-11-05 10:59:28.110,1.0,0.0,139.0,Tramezinni's,TRAMEZZINI,small,"chicken, mayo, bacon, feta  "
1168944,2025-11-05 10:59:00,224593/79,7,-277.0,277.0,0.0,0,0.0,19306,250672,438758,45,True,2025-11-05 10:59:28.110,1.0,0.0,79.0,Cakes,TRY ME LIKE ME,None,none
1168944,2025-11-05 10:59:00,224593/79,7,-277.0,277.0,0.0,0,0.0,19306,250672,438758,45,True,2025-11-05 10:59:28.110,1.0,0.0,30.0,Beverages Coffee,SKINNY CAPPUCINO,large,none
1168949,2025-11-05 10:59:00,224594/81,7,-234.0,234.0,0.0,0,0.0,19305,250673,438760,45,True,2025-11-05 10:59:28.910,1.0,0.0,12.0,Extra,EXTRA,Slice,toast sour dough extra slice 
1168949,2025-11-05 10:59:00,224594/81,7,-234.0,234.0,0.0,0,0.0,19305,250673,438760,45,True,2025-11-05 10:59:28.910,1.0,0.0,36.0,Beverages Coffee,COFFEE,large,cappuccino
1168949,2025-11-05 10:59:00,224594/81,7,-234.0,234.0,0.0,0,0.0,19305,250673,438760,45,True,2025-11-05 10:59:28.910,1.0,0.0,29.0,Beverages Coffee,COFFEE,regular,cappuccino
1168949,2025-11-05 10:59:00,224594/81,7,-234.0,234.0,0.0,0,0.0,19305,250673,438760,45,True,2025-11-05 10:59:28.910,1.0,0.0,59.0,Breakfast,BREAKFAST,single,avo and toast
1168949,2025-11-05 10:59:00,224594/81,7,-234.0,234.0,0.0,0,0.0,19305,250673,438760,45,True,2025-11-05 10:59:28.910,1.0,0.0,39.0,Beverages Hot,CHAI LATTE,None,none
1168949,2025-11-05 10:59:00,224594/81,7,-234.0,234.0,0.0,0,0.0,19305,250673,438760,45,True,2025-11-05 10:59:28.910,1.0,0.0,59.0,Toasted sandwiches,TOASTED SANDWICH,None,chicken and mayo
1168958,2025-11-05 11:00:00,224595/80,7,-226.0,226.0,0.0,0,0.0,19305,250676,438762,45,True,2025-11-05 11:00:30.347,1.0,0.0,39.0,Beverages Coffee,COFFEE,None,mocha
1168958,2025-11-05 11:00:00,224595/80,7,-226.0,226.0,0.0,0,0.0,19305,250676,438762,45,True,2025-11-05 11:00:30.347,1.0,0.0,59.0,Breakfast,BREAKFAST,single,avo and toast
1168958,2025-11-05 11:00:00,224595/80,7,-226.0,226.0,0.0,0,0.0,19305,250676,438762,45,True,2025-11-05 11:00:30.347,1.0,0.0,89.0,Tramezinni's,TRAMEZZINI,None,breakfast café
1168958,2025-11-05 11:00:00,224595/80,7,-226.0,226.0,0.0,0,0.0,19305,250676,438762,45,True,2025-11-05 11:00:30.347,1.0,0.0,39.0,Beverages Cold,CREAM SODA FLOAT,None,none
1168967,2025-11-05 11:01:00,224596/78,7,-262.0,262.0,0.0,0,0.0,19305,250679,438764,45,True,2025-11-05 11:01:07.763,1.0,0.0,16.0,Extra,EXTRA,sub,toast sour dough sandwich
1168967,2025-11-05 11:01:00,224596/78,7,-262.0,262.0,0.0,0,0.0,19305,250679,438764,45,True,2025-11-05 11:01:07.763,1.0,0.0,36.0,Beverages Coffee,COFFEE,large,cappuccino
1168967,2025-11-05 11:01:00,224596/78,7,-262.0,262.0,0.0,0,0.0,19305,250679,438764,45,True,2025-11-05 11:01:07.763,1.0,0.0,89.0,Breakfast,BREAKFAST,None,hadeda
1168967,2025-11-05 11:01:00,224596/78,7,-262.0,262.0,0.0,0,0.0,19305,250679,438764,45,True,2025-11-05 11:01:07.763,2.0,0.0,39.0,Beverages Cold,ICE COFFEE,None,condensed milk
1168967,2025-11-05 11:01:00,224596/78,7,-262.0,262.0,0.0,0,0.0,19305,250679,438764,45,True,2025-11-05 11:01:07.763,1.0,0.0,43.0,Toasted sandwiches,TOASTED SANDWICH,None,cheese and tomotoe
1168974,2025-11-05 11:01:00,224597/75,7,-175.0,175.0,0.0,0,0.0,19305,250681,438766,45,True,2025-11-05 11:01:27.030,1.0,0.0,24.0,Beverages Tea,TEA,None,tea five roses
1168974,2025-11-05 11:01:00,224597/75,7,-175.0,175.0,0.0,0,0.0,19305,250681,438766,45,True,2025-11-05 11:01:27.030,1.0,0.0,29.0,Beverages Coffee,COFFEE,regular,cappuccino
1168974,2025-11-05 11:01:00,224597/75,7,-175.0,175.0,0.0,0,0.0,19305,250681,438766,45,True,2025-11-05 11:01:27.030,1.0,0.0,33.0,Breakfast,BREAKFAST,None,small  
1168974,2025-11-05 11:01:00,224597/75,7,-175.0,175.0,0.0,0,0.0,19305,250681,438766,45,True,2025-11-05 11:01:27.030,1.0,0.0,89.0,Tramezinni's,TRAMEZZINI,None,breakfast café
1168981,2025-11-05 11:06:00,224598/84,7,-0.01,0.01,0.0,0,0.0,19305,250683,438768,45,True,2025-11-05 11:06:26.893,1.0,0.0,0.01,Specials,SPECIAL,None,cappuccino regular
1168985,2025-11-05 11:07:00,224599/83,7,-151.0,151.0,0.0,0,0.0,19305,250684,438770,45,True,2025-11-05 11:06:49.840,1.0,0.0,24.0,Beverages Tea,TEA,None,tea five roses
1168985,2025-11-05 11:07:00,224599/83,7,-151.0,151.0,0.0,0,0.0,19305,250684,438770,45,True,2025-11-05 11:06:49.840,1.0,0.0,29.0,Beverages Coffee,COFFEE,regular,cappuccino
1168985,2025-11-05 11:07:00,224599/83,7,-151.0,151.0,0.0,0,0.0,19305,250684,438770,45,True,2025-11-05 11:06:49.840,1.0,0.0,59.0,Cakes Scones Muffins,MUFFIN BACON,None,meal 
1168985,2025-11-05 11:07:00,224599/83,7,-151.0,151.0,0.0,0,0.0,19305,250684,438770,45,True,2025-11-05 11:06:49.840,1.0,0.0,39.0,Cakes,LEMON DRIZZLE,None,none
1168992,2025-11-05 11:09:00,224600/85,7,-96.0,96.0,0.0,0,0.0,19305,250686,438772,45,True,2025-11-05 11:09:17.590,1.0,0.0,20.0,Beverages Cold,WATER,500ml,thirsty mineral still
1168992,2025-11-05 11:09:00,224600/85,7,-96.0,96.0,0.0,0,0.0,19305,250686,438772,45,True,2025-11-05 11:09:17.590,2.0,0.0,10.0,Extra,EXTRA,None,almond milk
1168992,2025-11-05 11:09:00,224600/85,7,-96.0,96.0,0.0,0,0.0,19305,250686,438772,45,True,2025-11-05 11:09:17.590,1.0,0.0,20.0,Beverages Coffee,COFFEE,mug,americano black 
1168992,2025-11-05 11:09:00,224600/85,7,-96.0,96.0,0.0,0,0.0,19305,250686,438772,45,True,2025-11-05 11:09:17.590,1.0,0.0,36.0,Beverages Tea,RED CAPPUCCINO,None,none
1168997,2025-11-05 11:11:00,224601/87,7,-168.0,168.0,0.0,0,0.0,19305,250687,438774,45,True,2025-11-05 11:11:20.710,1.0,0.0,39.0,Beverages Coffee,COFFEE,None,mocha
1168997,2025-11-05 11:11:00,224601/87,7,-168.0,168.0,0.0,0,0.0,19305,250687,438774,45,True,2025-11-05 11:11:20.710,1.0,0.0,129.0,Light lunches,CRUMBED CHICKEN FILLET,None,none
1169004,2025-11-05 11:12:00,224602/88,7,-20.0,20.0,0.0,0,0.0,19305,250689,438776,45,True,2025-11-05 11:12:24.373,1.0,0.0,20.0,Beverages Cold,WATER,500ml,thirsty mineral still
1169009,2025-11-05 11:13:00,224603/86,7,-168.0,168.0,0.0,0,0.0,19305,250690,438778,45,True,2025-11-05 11:12:38.130,1.0,0.0,39.0,Beverages Coffee,COFFEE,None,mocha
1169009,2025-11-05 11:13:00,224603/86,7,-168.0,168.0,0.0,0,0.0,19305,250690,438778,45,True,2025-11-05 11:12:38.130,1.0,0.0,129.0,Light lunches,CRUMBED CHICKEN FILLET,None,none
1169016,2025-11-05 11:13:00,224604,7,-494.0,494.0,0.0,0,0.0,19306,250692,0,45,True,2025-11-05 11:13:22.527,1.0,0.0,20.0,Beverages Cold,WATER,500ml,sparkling
1169016,2025-11-05 11:13:00,224604,7,-494.0,494.0,0.0,0,0.0,19306,250692,0,45,True,2025-11-05 11:13:22.527,1.0,0.0,30.0,Extra,EXTRA,None,avo breakfast 
1169016,2025-11-05 11:13:00,224604,7,-494.0,494.0,0.0,0,0.0,19306,250692,0,45,True,2025-11-05 11:13:22.527,1.0,0.0,12.0,Extra,EXTRA,None,baked beans
1169016,2025-11-05 11:13:00,224604,7,-494.0,494.0,0.0,0,0.0,19306,250692,0,45,True,2025-11-05 11:13:22.527,2.0,0.0,16.0,Extra,EXTRA,sub,toast sour dough bfast 2 slice
1169016,2025-11-05 11:13:00,224604,7,-494.0,494.0,0.0,0,0.0,19306,250692,0,45,True,2025-11-05 11:13:22.527,1.0,0.0,8.0,Extra,EXTRA,sub,toast sour dough bfast 1 slice
1169016,2025-11-05 11:13:00,224604,7,-494.0,494.0,0.0,0,0.0,19306,250692,0,45,True,2025-11-05 11:13:22.527,1.0,0.0,29.0,Beverages Coffee,COFFEE,None,cortado 
1169016,2025-11-05 11:13:00,224604,7,-494.0,494.0,0.0,0,0.0,19306,250692,0,45,True,2025-11-05 11:13:22.527,1.0,0.0,59.0,Breakfast,BREAKFAST,None,lite
1169016,2025-11-05 11:13:00,224604,7,-494.0,494.0,0.0,0,0.0,19306,250692,0,45,True,2025-11-05 11:13:22.527,2.0,0.0,89.0,Breakfast,BREAKFAST,None,hadeda
1169016,2025-11-05 11:13:00,224604,7,-494.0,494.0,0.0,0,0.0,19306,250692,0,45,True,2025-11-05 11:13:22.527,1.0,0.0,39.0,Beverages Cold,ICE COFFEE,None,condensed milk
1169016,2025-11-05 11:13:00,224604,7,-494.0,494.0,0.0,0,0.0,19306,250692,0,45,True,2025-11-05 11:13:22.527,1.0,0.0,29.0,Beverages Cold,FRUIT JUICE,None,berry 
1169016,2025-11-05 11:13:00,224604,7,-494.0,494.0,0.0,0,0.0,19306,250692,0,45,True,2025-11-05 11:13:22.527,1.0,0.0,29.0,Beverages Cold,FRUIT JUICE,glass,mango
1169016,2025-11-05 11:13:00,224604,7,-494.0,494.0,0.0,0,0.0,19306,250692,0,45,True,2025-11-05 11:13:22.527,1.0,0.0,29.0,Beverages Cold,FRUIT JUICE,glass,orange
1169019,2025-11-05 11:15:00,224605/89,7,-301.0,301.0,0.0,0,0.0,19305,250693,438780,45,True,2025-11-05 11:15:22.917,1.0,0.0,39.0,Shooters,KOLA TONIC,None,can
1169019,2025-11-05 11:15:00,224605/89,7,-301.0,301.0,0.0,0,0.0,19305,250693,438780,45,True,2025-11-05 11:15:22.917,2.0,0.0,113.0,Light lunches,QUICHES,None,asparagus  
1169019,2025-11-05 11:15:00,224605/89,7,-301.0,301.0,0.0,0,0.0,19305,250693,438780,45,True,2025-11-05 11:15:22.917,1.0,0.0,36.0,Beverages Coffee,COFFEE,None,latte
1169026,2025-11-05 11:18:00,224606/48,7,-88.0,88.0,0.0,0,0.0,19305,250695,438782,45,True,2025-11-05 11:18:35.457,1.0,0.0,29.0,Beverages Coffee,COFFEE,regular,cappuccino
1169026,2025-11-05 11:18:00,224606/48,7,-88.0,88.0,0.0,0,0.0,19305,250695,438782,45,True,2025-11-05 11:18:35.457,1.0,0.0,59.0,Breakfast,BREAKFAST,single,avo and toast
1169033,2025-11-05 11:20:00,224607/90,7,-36.0,36.0,0.0,0,0.0,19306,250697,438784,45,True,2025-11-05 11:19:35.027,1.0,0.0,36.0,Beverages Coffee,COFFEE,large,cappuccino
1169038,2025-11-05 11:21:00,224608/92,7,-112.0,112.0,0.0,0,0.0,19306,250698,438786,45,True,2025-11-05 11:21:14.697,1.0,0.0,83.0,Light lunches,SOUP OF THE DAY,None,pea bacon
1169038,2025-11-05 11:21:00,224608/92,7,-112.0,112.0,0.0,0,0.0,19306,250698,438786,45,True,2025-11-05 11:21:14.697,1.0,0.0,29.0,Beverages Coffee,COFFEE,mug,americano
1169045,2025-11-05 11:22:00,224609/51,7,-431.0,431.0,0.0,0,0.0,19306,250700,438788,45,True,2025-11-05 11:22:29.027,1.0,0.0,24.0,Beverages Tea,TEA,None,tea five roses
1169045,2025-11-05 11:22:00,224609/51,7,-431.0,431.0,0.0,0,0.0,19306,250700,438788,45,True,2025-11-05 11:22:29.027,1.0,0.0,25.0,Beverages Coffee,COFFEE,cup,americano
1169045,2025-11-05 11:22:00,224609/51,7,-431.0,431.0,0.0,0,0.0,19306,250700,438788,45,True,2025-11-05 11:22:29.027,1.0,0.0,29.0,Beverages Coffee,COFFEE,mug,americano
1169045,2025-11-05 11:22:00,224609/51,7,-431.0,431.0,0.0,0,0.0,19306,250700,438788,45,True,2025-11-05 11:22:29.027,2.0,0.0,29.0,Beverages Coffee,COFFEE,regular,cappuccino
1169045,2025-11-05 11:22:00,224609/51,7,-431.0,431.0,0.0,0,0.0,19306,250700,438788,45,True,2025-11-05 11:22:29.027,2.0,0.0,59.0,Breakfast,BREAKFAST,None,café breakfast
1169045,2025-11-05 11:22:00,224609/51,7,-431.0,431.0,0.0,0,0.0,19306,250700,438788,45,True,2025-11-05 11:22:29.027,1.0,0.0,79.0,Breakfast,BREAKFAST,None,loerie
1169045,2025-11-05 11:22:00,224609/51,7,-431.0,431.0,0.0,0,0.0,19306,250700,438788,45,True,2025-11-05 11:22:29.027,1.0,0.0,29.0,Breakfast,BREAKFAST,None,poached
1169045,2025-11-05 11:22:00,224609/51,7,-431.0,431.0,0.0,0,0.0,19306,250700,438788,45,True,2025-11-05 11:22:29.027,1.0,0.0,69.0,Breakfast,BREAKFAST,None,sunbird
1169052,2025-11-05 11:25:00,224610/67,7,-72.0,72.0,0.0,0,0.0,19305,250702,438790,45,True,2025-11-05 11:25:12.123,2.0,0.0,36.0,Beverages Coffee,COFFEE,large,cappuccino
1169057,2025-11-05 11:28:00,224611/93,7,-306.0,306.0,0.0,0,0.0,19306,250703,438792,45,True,2025-11-05 11:27:42.060,1.0,0.0,119.0,Light lunches,QUICHES,None,bacon and mushroom
1169057,2025-11-05 11:28:00,224611/93,7,-306.0,306.0,0.0,0,0.0,19306,250703,438792,45,True,2025-11-05 11:27:42.060,1.0,0.0,39.0,Beverages Coffee,COFFEE,None,latte hazelnut
1169057,2025-11-05 11:28:00,224611/93,7,-306.0,306.0,0.0,0,0.0,19306,250703,438792,45,True,2025-11-05 11:27:42.060,1.0,0.0,29.0,Beverages Coffee,COFFEE,regular,cappuccino
1169057,2025-11-05 11:28:00,224611/93,7,-306.0,306.0,0.0,0,0.0,19306,250703,438792,45,True,2025-11-05 11:27:42.060,1.0,0.0,119.0,Tramezinni's,TRAMEZZINI,None,falafal veg cranberry onion
1169064,2025-11-05 11:28:00,224612/94,7,-69.0,69.0,0.0,0,0.0,19305,250705,438794,45,True,2025-11-05 11:28:29.960,1.0,0.0,69.0,Cakes Cheese,CHEESE CAKE,None,salted caramel
1169069,2025-11-05 11:31:00,224613/95,7,-220.0,220.0,0.0,0,0.0,19306,250706,438796,45,True,2025-11-05 11:31:49.733,1.0,0.0,25.0,Beverages Coffee,COFFEE,cup,americano
1169069,2025-11-05 11:31:00,224613/95,7,-220.0,220.0,0.0,0,0.0,19306,250706,438796,45,True,2025-11-05 11:31:49.733,1.0,0.0,29.0,Beverages Coffee,COFFEE,regular,cappuccino
1169069,2025-11-05 11:31:00,224613/95,7,-220.0,220.0,0.0,0,0.0,19306,250706,438796,45,True,2025-11-05 11:31:49.733,2.0,0.0,83.0,Breakfast,BREAKFAST,None,avo bacon egg toast
1169076,2025-11-05 11:33:00,224614/96,7,-29.0,29.0,0.0,0,0.0,19305,250708,438798,45,True,2025-11-05 11:32:49.767,1.0,0.0,29.0,Mineral cooldrinks,COKE,300ml,zero
1169081,2025-11-05 11:33:00,224615/97,7,-69.0,69.0,0.0,0,0.0,19305,250709,438800,45,True,2025-11-05 11:32:55.873,1.0,0.0,69.0,Cakes Cheese,CHEESE CAKE,None,salted caramel
1169086,2025-11-05 11:34:00,224616/99,7,-159.0,159.0,0.0,0,0.0,19305,250710,438802,45,True,2025-11-05 11:34:15.347,2.0,0.0,8.0,Extra,EXTRA,None,egg breakfast
1169086,2025-11-05 11:34:00,224616/99,7,-159.0,159.0,0.0,0,0.0,19305,250710,438802,45,True,2025-11-05 11:34:15.347,1.0,0.0,25.0,Extra,EXTRA,2  ,bacon breakfasts
1169086,2025-11-05 11:34:00,224616/99,7,-159.0,159.0,0.0,0,0.0,19305,250710,438802,45,True,2025-11-05 11:34:15.347,2.0,0.0,59.0,Breakfast,BREAKFAST,single,avo and toast
1169091,2025-11-05 11:34:00,224617/98,7,-171.0,171.0,0.0,0,0.0,19306,250711,438804,45,True,2025-11-05 11:34:18.767,1.0,0.0,24.0,Beverages Tea,TEA,None,tea five roses
1169091,2025-11-05 11:34:00,224617/98,7,-171.0,171.0,0.0,0,0.0,19306,250711,438804,45,True,2025-11-05 11:34:18.767,1.0,0.0,29.0,Beverages Coffee,COFFEE,regular,cappuccino
1169091,2025-11-05 11:34:00,224617/98,7,-171.0,171.0,0.0,0,0.0,19306,250711,438804,45,True,2025-11-05 11:34:18.767,2.0,0.0,59.0,Cakes Scones Muffins,MUFFIN SPINACH FETA,None,meal 
1169098,2025-11-05 11:37:00,224618/100,7,-230.0,230.0,0.0,0,0.0,19309,250713,438806,45,True,2025-11-05 11:37:15.320,2.0,0.0,20.0,Beverages Cold,WATER,500ml,sparkling
1169098,2025-11-05 11:37:00,224618/100,7,-230.0,230.0,0.0,0,0.0,19309,250713,438806,45,True,2025-11-05 11:37:15.320,2.0,0.0,36.0,Beverages Coffee,COFFEE,large,cappuccino
1169098,2025-11-05 11:37:00,224618/100,7,-230.0,230.0,0.0,0,0.0,19309,250713,438806,45,True,2025-11-05 11:37:15.320,1.0,0.0,59.0,Toasted sandwiches,TOASTED SANDWICH,None,chicken and mayo
1169098,2025-11-05 11:37:00,224618/100,7,-230.0,230.0,0.0,0,0.0,19309,250713,438806,45,True,2025-11-05 11:37:15.320,1.0,0.0,59.0,Toasted sandwiches,TOASTED SANDWICH,None,cheese and tomato pesta 
1169105,2025-11-05 11:38:00,224619/101,7,-277.0,277.0,0.0,0,0.0,19305,250715,438808,45,True,2025-11-05 11:38:14.517,1.0,0.0,39.0,Mineral cooldrinks,GRAPETISER,330ml,red
1169105,2025-11-05 11:38:00,224619/101,7,-277.0,277.0,0.0,0,0.0,19305,250715,438808,45,True,2025-11-05 11:38:14.517,1.0,0.0,20.0,Beverages Cold,WATER,500ml,sparkling
1169105,2025-11-05 11:38:00,224619/101,7,-277.0,277.0,0.0,0,0.0,19305,250715,438808,45,True,2025-11-05 11:38:14.517,2.0,0.0,109.0,Light lunches,PASTA,None,chicken brocolli
1169112,2025-11-05 11:43:00,224620/103,7,-36.0,36.0,0.0,0,0.0,19305,250717,438810,45,True,2025-11-05 11:43:54.877,1.0,0.0,36.0,Beverages Coffee,COFFEE,large,cappuccino
1169119,2025-11-05 11:44:00,224621/104,7,-118.0,118.0,0.0,0,0.0,19305,250719,438812,45,True,2025-11-05 11:44:56.573,2.0,0.0,59.0,Cakes,LEMON MERINGUE,Slice,none
1169124,2025-11-05 11:47:00,224622/102,7,-184.0,184.0,0.0,0,0.0,19309,250720,438814,45,True,2025-11-05 11:47:37.767,2.0,0.0,29.0,Beverages Coffee,COFFEE,regular,cappuccino
1169124,2025-11-05 11:47:00,224622/102,7,-184.0,184.0,0.0,0,0.0,19309,250720,438814,45,True,2025-11-05 11:47:37.767,2.0,0.0,63.0,Toasted sandwiches,TOASTED SANDWICH,None,cheese and bacon and egg
1169131,2025-11-05 11:51:00,224623/106,7,-53.0,53.0,0.0,0,0.0,19309,250722,438816,45,True,2025-11-05 11:50:47.113,1.0,0.0,24.0,Beverages Tea,TEA,None,tea five roses
1169131,2025-11-05 11:51:00,224623/106,7,-53.0,53.0,0.0,0,0.0,19309,250722,438816,45,True,2025-11-05 11:50:47.113,1.0,0.0,29.0,Beverages Coffee,COFFEE,mug,americano
1169136,2025-11-05 11:56:00,224624/109,7,-49.0,49.0,0.0,0,0.0,19305,250723,438818,45,True,2025-11-05 11:55:46.273,1.0,0.0,20.0,Beverages Coffee,COFFEE,cup,americano black 
1169136,2025-11-05 11:56:00,224624/109,7,-49.0,49.0,0.0,0,0.0,19305,250723,438818,45,True,2025-11-05 11:55:46.273,1.0,0.0,29.0,Beverages Coffee,COFFEE,regular,cappuccino
1169141,2025-11-05 11:56:00,224625/108,7,-429.0,429.0,0.0,0,0.0,19309,250724,438820,45,True,2025-11-05 11:56:37.363,2.0,0.0,109.0,Light lunches,QUICHES,None,spinach & feta
1169141,2025-11-05 11:56:00,224625/108,7,-429.0,429.0,0.0,0,0.0,19309,250724,438820,45,True,2025-11-05 11:56:37.363,1.0,0.0,119.0,Light lunches,QUICHES,None,bacon and mushroom
1169141,2025-11-05 11:56:00,224625/108,7,-429.0,429.0,0.0,0,0.0,19309,250724,438820,45,True,2025-11-05 11:56:37.363,2.0,0.0,36.0,Beverages Coffee,COFFEE,large,cappuccino
1169141,2025-11-05 11:56:00,224625/108,7,-429.0,429.0,0.0,0,0.0,19309,250724,438820,45,True,2025-11-05 11:56:37.363,1.0,0.0,20.0,Beverages Coffee,COFFEE,mug,americano black 
1169148,2025-11-05 11:59:00,224626/110,7,-283.0,283.0,0.0,0,0.0,19309,250726,438822,45,True,2025-11-05 11:59:34.440,1.0,0.0,36.0,Beverages Coffee,COFFEE,large,cappuccino
1169148,2025-11-05 11:59:00,224626/110,7,-283.0,283.0,0.0,0,0.0,19309,250726,438822,45,True,2025-11-05 11:59:34.440,1.0,0.0,29.0,Beverages Coffee,COFFEE,mug,americano
1169148,2025-11-05 11:59:00,224626/110,7,-283.0,283.0,0.0,0,0.0,19309,250726,438822,45,True,2025-11-05 11:59:34.440,1.0,0.0,29.0,Beverages Coffee,COFFEE,regular,cappuccino
1169148,2025-11-05 11:59:00,224626/110,7,-283.0,283.0,0.0,0,0.0,19309,250726,438822,45,True,2025-11-05 11:59:34.440,3.0,0.0,63.0,Toasted sandwiches,TOASTED SANDWICH,None,chicken pesto mayo
1169155,2025-11-05 12:01:00,224627/113,7,-30.0,30.0,0.0,0,0.0,19305,250728,438824,45,True,2025-11-05 12:01:01.047,1.0,0.0,30.0,Extra,EXTRA,None,chicken curry
1169160,2025-11-05 12:03:00,224628/112,7,-287.0,287.0,0.0,0,0.0,19309,250729,438826,45,True,2025-11-05 12:03:24.620,1.0,0.0,109.0,Light lunches,QUICHES,None,spinach & feta
1169160,2025-11-05 12:03:00,224628/112,7,-287.0,287.0,0.0,0,0.0,19309,250729,438826,45,True,2025-11-05 12:03:24.620,1.0,0.0,29.0,Beverages Coffee,COFFEE,mug,americano
1169160,2025-11-05 12:03:00,224628/112,7,-287.0,287.0,0.0,0,0.0,19309,250729,438826,45,True,2025-11-05 12:03:24.620,1.0,0.0,89.0,Breakfast,BREAKFAST,None,hadeda
1169160,2025-11-05 12:03:00,224628/112,7,-287.0,287.0,0.0,0,0.0,19309,250729,438826,45,True,2025-11-05 12:03:24.620,1.0,0.0,60.0,Wines,SPIER MERLOT, 250ml,none
1169167,2025-11-05 12:04:00,224629/115,7,-19.2,19.2,0.0,0,0.0,19309,250731,438828,45,True,2025-11-05 12:04:09.733,1.0,0.20000000298023224,24.0,Beverages Tea,TEA,None,tea five roses
1169172,2025-11-05 12:04:00,224630/114,7,-123.0,123.0,0.0,0,0.0,19305,250732,438830,45,True,2025-11-05 12:04:26.550,1.0,0.0,24.0,Beverages Tea,TEA,None,rooibos
1169172,2025-11-05 12:04:00,224630/114,7,-123.0,123.0,0.0,0,0.0,19305,250732,438830,45,True,2025-11-05 12:04:26.550,1.0,0.0,36.0,Beverages Tea,RED CAPPUCCINO,None,none
1169172,2025-11-05 12:04:00,224630/114,7,-123.0,123.0,0.0,0,0.0,19305,250732,438830,45,True,2025-11-05 12:04:26.550,1.0,0.0,63.0,Toasted sandwiches,TOASTED SANDWICH,None,chicken pesto mayo
1169179,2025-11-05 12:05:00,224631,7,-79.0,79.0,0.0,0,0.0,19305,250734,0,45,True,2025-11-05 12:05:12.637,1.0,0.0,79.0,Cakes Cheese,CHEESE CAKE,None,swirled delight
1169182,2025-11-05 12:06:00,224632/117,7,-0.01,0.01,0.0,0,0.0,19309,250735,438832,45,True,2025-11-05 12:06:16.797,1.0,0.0,0.01,Specials,SPECIAL,None,cappuccino regular
1169186,2025-11-05 12:06:00,224633/118,7,-218.0,218.0,0.0,0,0.0,19305,250736,438834,45,True,2025-11-05 12:06:25.883,1.0,0.0,119.0,Light lunches,BURGER,None,bunless crumbed chicken
1169186,2025-11-05 12:06:00,224633/118,7,-218.0,218.0,0.0,0,0.0,19305,250736,438834,45,True,2025-11-05 12:06:25.883,1.0,0.0,99.0,Light lunches,CURRY MINCE,None,none
1169193,2025-11-05 12:08:00,224634/119,7,-59.0,59.0,0.0,0,0.0,19309,250738,438836,45,True,2025-11-05 12:08:11.100,1.0,0.0,59.0,Toasted sandwiches,TOASTED SANDWICH,None,cheese and bacon
1169200,2025-11-05 12:08:00,224635/120,7,-231.0,231.0,0.0,0,0.0,19305,250740,438838,45,True,2025-11-05 12:08:28.940,1.0,0.0,24.0,Beverages Tea,TEA,None,tea five roses
1169200,2025-11-05 12:08:00,224635/120,7,-231.0,231.0,0.0,0,0.0,19305,250740,438838,45,True,2025-11-05 12:08:28.940,1.0,0.0,29.0,Beverages Coffee,COFFEE,mug,americano
1169200,2025-11-05 12:08:00,224635/120,7,-231.0,231.0,0.0,0,0.0,19305,250740,438838,45,True,2025-11-05 12:08:28.940,2.0,0.0,89.0,Breakfast,BREAKFAST,None,hadeda
1169207,2025-11-05 12:10:00,224636,7,-20.0,20.0,0.0,0,0.0,19305,250742,0,45,True,2025-11-05 12:10:20.387,1.0,0.0,20.0,Beverages Coffee,COFFEE,mug,americano black 
1169210,2025-11-05 12:11:00,224637,7,-33.0,33.0,0.0,0,0.0,19305,250743,0,45,True,2025-11-05 12:10:39.507,1.0,0.0,33.0,Beverages Coffee,COFFEE,mug,cappuccino
1169213,2025-11-05 12:14:00,224638/122,7,-222.0,222.0,0.0,0,0.0,19305,250744,438840,45,True,2025-11-05 12:14:29.230,4.0,0.0,8.0,Extra,EXTRA,None,egg breakfast
1169213,2025-11-05 12:14:00,224638/122,7,-222.0,222.0,0.0,0,0.0,19305,250744,438840,45,True,2025-11-05 12:14:29.230,2.0,0.0,36.0,Beverages Coffee,COFFEE,regular,cappuccino decaf
1169213,2025-11-05 12:14:00,224638/122,7,-222.0,222.0,0.0,0,0.0,19305,250744,438840,45,True,2025-11-05 12:14:29.230,2.0,0.0,59.0,Breakfast,BREAKFAST,single,avo and toast
1169220,2025-11-05 12:15:00,224639/123,7,-58.0,58.0,0.0,0,0.0,19305,250746,438842,45,True,2025-11-05 12:15:09.720,2.0,0.0,29.0,Beverages Coffee,COFFEE,mug,americano
1169227,2025-11-05 12:18:00,224640/121,7,-233.0,233.0,0.0,0,0.0,19309,250748,438844,45,True,2025-11-05 12:18:02.823,1.0,0.0,69.0,Light lunches,SOUP OF THE DAY,None,butternut and tomato
1169227,2025-11-05 12:18:00,224640/121,7,-233.0,233.0,0.0,0,0.0,19309,250748,438844,45,True,2025-11-05 12:18:02.823,1.0,0.0,10.0,Extra,EXTRA,None,almond milk
1169227,2025-11-05 12:18:00,224640/121,7,-233.0,233.0,0.0,0,0.0,19309,250748,438844,45,True,2025-11-05 12:18:02.823,1.0,0.0,32.0,Beverages Coffee,COFFEE,mug,americano decaf
1169227,2025-11-05 12:18:00,224640/121,7,-233.0,233.0,0.0,0,0.0,19309,250748,438844,45,True,2025-11-05 12:18:02.823,1.0,0.0,43.0,Beverages Cold,STERI PINK FLOAT,               ,none
1169227,2025-11-05 12:18:00,224640/121,7,-233.0,233.0,0.0,0,0.0,19309,250748,438844,45,True,2025-11-05 12:18:02.823,1.0,0.0,79.0,Cakes,TRY ME LIKE ME,None,none
1169234,2025-11-05 12:21:00,224641/124,7,-36.0,36.0,0.0,0,0.0,19309,250750,438846,45,True,2025-11-05 12:21:02.600,1.0,0.0,36.0,Beverages Coffee,COFFEE,large,cappuccino
1169239,2025-11-05 12:22:00,224642/125,7,-53.0,53.0,0.0,0,0.0,19305,250751,438848,45,True,2025-11-05 12:22:46.240,1.0,0.0,24.0,Beverages Tea,TEA,None,tea five roses
1169239,2025-11-05 12:22:00,224642/125,7,-53.0,53.0,0.0,0,0.0,19305,250751,438848,45,True,2025-11-05 12:22:46.240,1.0,0.0,29.0,Beverages Coffee,COFFEE,mug,americano
1169244,2025-11-05 12:28:00,224643/126,7,-128.0,128.0,0.0,0,0.0,19309,250752,438850,45,True,2025-11-05 12:28:13.310,1.0,0.0,39.0,Beverages Hot,CHAI LATTE,None,none
1169244,2025-11-05 12:28:00,224643/126,7,-128.0,128.0,0.0,0,0.0,19309,250752,438850,45,True,2025-11-05 12:28:13.310,1.0,0.0,89.0,Tramezinni's,TRAMEZZINI,None,breakfast café
1169253,2025-11-05 12:29:00,224644/128,7,-272.0,272.0,0.0,0,0.0,19305,250755,438852,45,True,2025-11-05 12:29:24.693,1.0,0.0,29.0,Mineral cooldrinks,CREAM SODA,340ml,can
1169253,2025-11-05 12:29:00,224644/128,7,-272.0,272.0,0.0,0,0.0,19305,250755,438852,45,True,2025-11-05 12:29:24.693,1.0,0.0,109.0,Light lunches,QUICHES,None,spinach & feta
1169253,2025-11-05 12:29:00,224644/128,7,-272.0,272.0,0.0,0,0.0,19305,250755,438852,45,True,2025-11-05 12:29:24.693,1.0,0.0,25.0,Beverages Coffee,COFFEE,cup,americano
1169253,2025-11-05 12:29:00,224644/128,7,-272.0,272.0,0.0,0,0.0,19305,250755,438852,45,True,2025-11-05 12:29:24.693,1.0,0.0,109.0,Light lunches,COTTAGE PIE,None,none
1169260,2025-11-05 12:30:00,224645/129,7,-78.0,78.0,0.0,0,0.0,19309,250757,438854,45,True,2025-11-05 12:30:07.753,1.0,0.0,49.0,Cakes,MILK TART,Slice,none
1169260,2025-11-05 12:30:00,224645/129,7,-78.0,78.0,0.0,0,0.0,19309,250757,438854,45,True,2025-11-05 12:30:07.753,1.0,0.0,29.0,Beverages Coffee,COFFEE,regular,cappuccino
1169267,2025-11-05 12:32:00,224646/130,7,-71.2,71.2,0.0,0,0.0,19305,250759,438856,45,True,2025-11-05 12:31:58.780,1.0,0.20000000298023224,89.0,Salads,SALAD,single,chicken mayo
1169272,2025-11-05 12:34:00,224647/132,7,-158.0,158.0,0.0,0,0.0,19305,250760,438858,45,True,2025-11-05 12:33:44.603,1.0,0.0,119.0,Light lunches,BURGER,large,bunless beef 
1169272,2025-11-05 12:34:00,224647/132,7,-158.0,158.0,0.0,0,0.0,19305,250760,438858,45,True,2025-11-05 12:33:44.603,1.0,0.0,39.0,Beverages Coffee,COFFEE,regular,cappuccino almond milk
1169279,2025-11-05 12:34:00,224648/131,7,-89.0,89.0,0.0,0,0.0,19309,250762,438860,45,True,2025-11-05 12:33:48.810,1.0,0.0,89.0,Salads,SALAD,single,roast chicken
1169286,2025-11-05 12:35:00,224649/133,7,-28.0,28.0,0.0,0,0.0,19309,250764,438862,45,True,2025-11-05 12:35:18.323,1.0,0.20000000298023224,35.0,Cakes Scones Muffins,MUFFIN BACON,None,only
1169291,2025-11-05 12:37:00,224650/135,7,-107.0,107.0,0.0,0,0.0,19309,250765,438864,45,True,2025-11-05 12:37:38.573,1.0,0.0,39.0,Beverages Coffee,COFFEE,None,creamuccino
1169291,2025-11-05 12:37:00,224650/135,7,-107.0,107.0,0.0,0,0.0,19309,250765,438864,45,True,2025-11-05 12:37:38.573,1.0,0.0,39.0,Beverages Coffee,COFFEE,large,plaas koffee
1169291,2025-11-05 12:37:00,224650/135,7,-107.0,107.0,0.0,0,0.0,19309,250765,438864,45,True,2025-11-05 12:37:38.573,1.0,0.0,7.0,Beverages Coffee,DECAF COFFEE,shot,none
1169291,2025-11-05 12:37:00,224650/135,7,-107.0,107.0,0.0,0,0.0,19309,250765,438864,45,True,2025-11-05 12:37:38.573,1.0,0.0,22.0,Beverages Cold,FRUIT JUICE,200ml,apple juice
1169298,2025-11-05 12:39:00,224651/134,7,-186.0,186.0,0.0,0,0.0,19305,250767,438866,45,True,2025-11-05 12:39:30.903,3.0,0.0,8.0,Extra,EXTRA,sub,toast sour dough bfast 1 slice
1169298,2025-11-05 12:39:00,224651/134,7,-186.0,186.0,0.0,0,0.0,19305,250767,438866,45,True,2025-11-05 12:39:30.903,3.0,0.0,25.0,Beverages Coffee,COFFEE,cup,americano
1169298,2025-11-05 12:39:00,224651/134,7,-186.0,186.0,0.0,0,0.0,19305,250767,438866,45,True,2025-11-05 12:39:30.903,3.0,0.0,29.0,Breakfast,BREAKFAST,None,poached
1169303,2025-11-05 12:40:00,224652/136,7,-481.0,481.0,0.0,0,0.0,19309,250768,438868,45,True,2025-11-05 12:40:05.850,1.0,0.0,36.0,Beverages Coffee,COFFEE,None,latte
1169303,2025-11-05 12:40:00,224652/136,7,-481.0,481.0,0.0,0,0.0,19309,250768,438868,45,True,2025-11-05 12:40:05.850,2.0,0.0,29.0,Beverages Coffee,COFFEE,mug,americano
1169303,2025-11-05 12:40:00,224652/136,7,-481.0,481.0,0.0,0,0.0,19309,250768,438868,45,True,2025-11-05 12:40:05.850,3.0,0.0,129.0,Light lunches,CRUMBED CHICKEN FILLET,None,none
1169310,2025-11-05 12:43:00,224653/111,7,-120.8,120.8,0.0,0,0.0,19305,250770,438870,45,True,2025-11-05 12:43:29.057,1.0,0.20000000298023224,33.0,Beers,SAVANNA,340ml,dry
1169310,2025-11-05 12:43:00,224653/111,7,-120.8,120.8,0.0,0,0.0,19305,250770,438870,45,True,2025-11-05 12:43:29.057,1.0,0.20000000298023224,39.0,Beverages Cold,ICE COFFEE,None,condensed milk
1169310,2025-11-05 12:43:00,224653/111,7,-120.8,120.8,0.0,0,0.0,19305,250770,438870,45,True,2025-11-05 12:43:29.057,1.0,0.20000000298023224,79.0,Cakes,TRY ME LIKE ME,None,none
1169315,2025-11-05 12:44:00,224654/137,7,-276.0,276.0,0.0,0,0.0,19309,250771,438872,45,True,2025-11-05 12:43:45.420,1.0,0.0,10.0,Extra,EXTRA,None,almond milk
1169315,2025-11-05 12:44:00,224654/137,7,-276.0,276.0,0.0,0,0.0,19309,250771,438872,45,True,2025-11-05 12:43:45.420,1.0,0.0,36.0,Beverages Coffee,COFFEE,None,latte
1169315,2025-11-05 12:44:00,224654/137,7,-276.0,276.0,0.0,0,0.0,19309,250771,438872,45,True,2025-11-05 12:43:45.420,1.0,0.0,29.0,Beverages Coffee,COFFEE,regular,cappuccino
1169315,2025-11-05 12:44:00,224654/137,7,-276.0,276.0,0.0,0,0.0,19309,250771,438872,45,True,2025-11-05 12:43:45.420,1.0,0.0,79.0,Cakes,TRY ME LIKE ME,None,none
1169315,2025-11-05 12:44:00,224654/137,7,-276.0,276.0,0.0,0,0.0,19309,250771,438872,45,True,2025-11-05 12:43:45.420,1.0,0.0,33.0,Beverages Cold,STERISTUMPIES,350ml,strawberry
1169315,2025-11-05 12:44:00,224654/137,7,-276.0,276.0,0.0,0,0.0,19309,250771,438872,45,True,2025-11-05 12:43:45.420,1.0,0.0,89.0,Cakes Cheese,CHEESE CAKE,None,biscoff vanilla
1169322,2025-11-05 12:46:00,224655/138,7,-484.0,484.0,0.0,0,0.0,19305,250773,438874,45,True,2025-11-05 12:46:49.730,1.0,0.0,39.0,Mineral cooldrinks,APPLETISER,340ml,none
1169322,2025-11-05 12:46:00,224655/138,7,-484.0,484.0,0.0,0,0.0,19305,250773,438874,45,True,2025-11-05 12:46:49.730,2.0,0.0,29.0,Mineral cooldrinks,COKE,300ml,lite
1169322,2025-11-05 12:46:00,224655/138,7,-484.0,484.0,0.0,0,0.0,19305,250773,438874,45,True,2025-11-05 12:46:49.730,3.0,0.0,129.0,Light lunches,CRUMBED CHICKEN FILLET,None,none
1169329,2025-11-05 12:50:00,224656/140,7,-326.0,326.0,0.0,0,0.0,19305,250775,438876,45,True,2025-11-05 12:50:37.303,1.0,0.0,59.0,Cakes,LEMON MERINGUE,Slice,none
1169329,2025-11-05 12:50:00,224656/140,7,-326.0,326.0,0.0,0,0.0,19305,250775,438876,45,True,2025-11-05 12:50:37.303,1.0,0.0,24.0,Beverages Tea,TEA,None,tea five roses
1169329,2025-11-05 12:50:00,224656/140,7,-326.0,326.0,0.0,0,0.0,19305,250775,438876,45,True,2025-11-05 12:50:37.303,1.0,0.0,36.0,Beverages Coffee,COFFEE,large,cappuccino
1169329,2025-11-05 12:50:00,224656/140,7,-326.0,326.0,0.0,0,0.0,19305,250775,438876,45,True,2025-11-05 12:50:37.303,1.0,0.0,109.0,Light lunches,PASTA,None,chicken brocolli
1169329,2025-11-05 12:50:00,224656/140,7,-326.0,326.0,0.0,0,0.0,19305,250775,438876,45,True,2025-11-05 12:50:37.303,1.0,0.0,73.0,Toasted sandwiches,TOASTED SANDWICH,None,mince and cheese
1169329,2025-11-05 12:50:00,224656/140,7,-326.0,326.0,0.0,0,0.0,19305,250775,438876,45,True,2025-11-05 12:50:37.303,1.0,0.0,25.0,Cakes,BANANA CAKE,None,banana cake iced
1169336,2025-11-05 12:51:00,224657/141,7,-334.0,334.0,0.0,0,0.0,19309,250777,438878,45,True,2025-11-05 12:51:38.440,1.0,0.0,10.0,Extra,EXTRA,None,soya
1169336,2025-11-05 12:51:00,224657/141,7,-334.0,334.0,0.0,0,0.0,19309,250777,438878,45,True,2025-11-05 12:51:38.440,2.0,0.0,16.0,Extra,EXTRA,sub,toast sour dough bfast 2 slice
1169336,2025-11-05 12:51:00,224657/141,7,-334.0,334.0,0.0,0,0.0,19309,250777,438878,45,True,2025-11-05 12:51:38.440,1.0,0.0,39.0,Beverages Coffee,COFFEE,None,creamuccino
1169336,2025-11-05 12:51:00,224657/141,7,-334.0,334.0,0.0,0,0.0,19309,250777,438878,45,True,2025-11-05 12:51:38.440,2.0,0.0,79.0,Breakfast,BREAKFAST,None,loerie
1169336,2025-11-05 12:51:00,224657/141,7,-334.0,334.0,0.0,0,0.0,19309,250777,438878,45,True,2025-11-05 12:51:38.440,1.0,0.0,7.0,Beverages Coffee,DECAF COFFEE,shot,none
1169336,2025-11-05 12:51:00,224657/141,7,-334.0,334.0,0.0,0,0.0,19309,250777,438878,45,True,2025-11-05 12:51:38.440,1.0,0.0,49.0,Light lunches,CRUMBED CHICKEN POPS,None,just pops
1169336,2025-11-05 12:51:00,224657/141,7,-334.0,334.0,0.0,0,0.0,19309,250777,438878,45,True,2025-11-05 12:51:38.440,1.0,0.0,39.0,Beverages Hot,MANNABREW,None,cortado 
1169341,2025-11-05 12:52:00,224658/142,7,-75.0,75.0,0.0,0,0.0,19305,250778,438880,45,True,2025-11-05 12:52:26.537,1.0,0.0,26.0,Beverages Tea,TEA,None,earl grey
1169341,2025-11-05 12:52:00,224658/142,7,-75.0,75.0,0.0,0,0.0,19305,250778,438880,45,True,2025-11-05 12:52:26.537,1.0,0.0,10.0,Beverages Hot,BABY CHINO,None,none
1169341,2025-11-05 12:52:00,224658/142,7,-75.0,75.0,0.0,0,0.0,19305,250778,438880,45,True,2025-11-05 12:52:26.537,1.0,0.0,39.0,Cakes,LEMON DRIZZLE,None,none
1169348,2025-11-05 12:53:00,224659/139,7,-210.0,210.0,0.0,0,0.0,19309,250780,438882,45,True,2025-11-05 12:55:09.697,1.0,0.0,12.0,Extra,EXTRA,None,cheese breakfast
1169348,2025-11-05 12:53:00,224659/139,7,-210.0,210.0,0.0,0,0.0,19309,250780,438882,45,True,2025-11-05 12:55:09.697,1.0,0.0,8.0,Extra,EXTRA,None,egg breakfast
1169348,2025-11-05 12:53:00,224659/139,7,-210.0,210.0,0.0,0,0.0,19309,250780,438882,45,True,2025-11-05 12:55:09.697,2.0,0.0,36.0,Beverages Coffee,COFFEE,large,cappuccino
1169348,2025-11-05 12:53:00,224659/139,7,-210.0,210.0,0.0,0,0.0,19309,250780,438882,45,True,2025-11-05 12:55:09.697,1.0,0.0,59.0,Breakfast,BREAKFAST,single,avo and toast
1169348,2025-11-05 12:53:00,224659/139,7,-210.0,210.0,0.0,0,0.0,19309,250780,438882,45,True,2025-11-05 12:55:09.697,1.0,0.0,59.0,Toasted sandwiches,TOASTED SANDWICH,None,chicken curry mayo
1169355,2025-11-05 12:55:00,224660/143,7,-68.0,68.0,0.0,0,0.0,19305,250782,438884,45,True,2025-11-05 12:55:30.837,1.0,0.0,29.0,Beverages Coffee,COFFEE,regular,cappuccino
1169355,2025-11-05 12:55:00,224660/143,7,-68.0,68.0,0.0,0,0.0,19305,250782,438884,45,True,2025-11-05 12:55:30.837,1.0,0.0,39.0,Cakes,LEMON DRIZZLE,None,none
1169360,2025-11-05 12:57:00,224661/144,7,-20.0,20.0,0.0,0,0.0,19309,250783,438886,45,True,2025-11-05 12:57:05.817,1.0,0.0,20.0,Beverages Cold,WATER,500ml,thirsty mineral still
1169367,2025-11-05 13:00:00,224662/145,7,-450.0,450.0,0.0,0,0.0,19305,250785,438888,45,True,2025-11-05 12:59:52.123,1.0,0.0,24.0,Beverages Tea,TEA,None,tea five roses
1169367,2025-11-05 13:00:00,224662/145,7,-450.0,450.0,0.0,0,0.0,19305,250785,438888,45,True,2025-11-05 12:59:52.123,1.0,0.0,43.0,Beverages Coffee,COFFEE,large,cappuccino decaf
1169367,2025-11-05 13:00:00,224662/145,7,-450.0,450.0,0.0,0,0.0,19305,250785,438888,45,True,2025-11-05 12:59:52.123,2.0,0.0,109.0,Salads,SALAD,single,falafal 
1169367,2025-11-05 13:00:00,224662/145,7,-450.0,450.0,0.0,0,0.0,19305,250785,438888,45,True,2025-11-05 12:59:52.123,1.0,0.0,29.0,Beverages Cold,ICE COFFEE,None,milk 
1169367,2025-11-05 13:00:00,224662/145,7,-450.0,450.0,0.0,0,0.0,19305,250785,438888,45,True,2025-11-05 12:59:52.123,1.0,0.0,129.0,Tramezinni's,TRAMEZZINI,small,bacon cranberry feta onion 
1169367,2025-11-05 13:00:00,224662/145,7,-450.0,450.0,0.0,0,0.0,19305,250785,438888,45,True,2025-11-05 12:59:52.123,1.0,0.0,7.0,Beverages Coffee,DECAF COFFEE,shot,none
1169374,2025-11-05 13:01:00,224663/146,7,-68.0,68.0,0.0,0,0.0,19309,250787,438890,45,True,2025-11-05 13:00:57.957,1.0,0.0,39.0,Beverages Hot,HOT CHOCOLATE,None,nestle
1169374,2025-11-05 13:01:00,224663/146,7,-68.0,68.0,0.0,0,0.0,19309,250787,438890,45,True,2025-11-05 13:00:57.957,1.0,0.0,29.0,Beverages Coffee,COFFEE,regular,cappuccino
1169381,2025-11-05 13:02:00,224664/147,7,-25.0,25.0,0.0,0,0.0,19305,250789,438892,45,True,2025-11-05 13:02:12.927,1.0,0.0,25.0,Cakes Scones Muffins,SCONE,None,scone only
1169386,2025-11-05 13:03:00,224665/148,7,-82.0,82.0,0.0,0,0.0,19305,250790,438894,45,True,2025-11-05 13:02:55.367,1.0,0.0,39.0,Beverages Coffee,COFFEE,None,latte hazelnut
1169386,2025-11-05 13:03:00,224665/148,7,-82.0,82.0,0.0,0,0.0,19305,250790,438894,45,True,2025-11-05 13:02:55.367,1.0,0.0,43.0,Beverages Coffee,COFFEE,large,cappuccino decaf
1169393,2025-11-05 13:04:00,224666,7,-45.0,45.0,0.0,0,0.0,19309,250792,0,45,True,2025-11-05 13:03:41.197,1.0,0.0,20.0,Beverages Cold,WATER,500ml,thirsty mineral still
1169393,2025-11-05 13:04:00,224666,7,-45.0,45.0,0.0,0,0.0,19309,250792,0,45,True,2025-11-05 13:03:41.197,1.0,0.0,25.0,Beverages Coffee,COFFEE,cup,americano
1169396,2025-11-05 13:06:00,224667/150,7,-336.0,336.0,0.0,0,0.0,19309,250793,438896,45,True,2025-11-05 13:05:48.113,1.0,0.0,39.0,Beverages Coffee,COFFEE,None,mocha white
1169396,2025-11-05 13:06:00,224667/150,7,-336.0,336.0,0.0,0,0.0,19309,250793,438896,45,True,2025-11-05 13:05:48.113,1.0,0.0,39.0,Beverages Cold,ICE COFFEE,None,condensed milk
1169396,2025-11-05 13:06:00,224667/150,7,-336.0,336.0,0.0,0,0.0,19309,250793,438896,45,True,2025-11-05 13:05:48.113,1.0,0.0,139.0,Tramezinni's,TRAMEZZINI,small,"chicken, mayo, bacon, feta  "
1169396,2025-11-05 13:06:00,224667/150,7,-336.0,336.0,0.0,0,0.0,19309,250793,438896,45,True,2025-11-05 13:05:48.113,1.0,0.0,119.0,Tramezinni's,TRAMEZZINI,small,chicken curry mayo peanuts
1169403,2025-11-05 13:07:00,224668/151,7,-29.01,29.01,0.0,0,0.0,19305,250795,438898,45,True,2025-11-05 13:07:12.343,1.0,0.0,0.01,Specials,SPECIAL,None,tea 
1169403,2025-11-05 13:07:00,224668/151,7,-29.01,29.01,0.0,0,0.0,19305,250795,438898,45,True,2025-11-05 13:07:12.343,1.0,0.0,29.0,Beverages Coffee,COFFEE,regular,cappuccino
1169408,2025-11-05 13:08:00,224669/153,7,-166.0,166.0,0.0,0,0.0,19309,250796,438900,45,True,2025-11-05 13:07:37.710,2.0,0.0,29.0,Beverages Coffee,COFFEE,regular,cappuccino
1169408,2025-11-05 13:08:00,224669/153,7,-166.0,166.0,0.0,0,0.0,19309,250796,438900,45,True,2025-11-05 13:07:37.710,1.0,0.0,59.0,Toasted sandwiches,TOASTED SANDWICH,None,cheese and tomato pesta 
1169408,2025-11-05 13:08:00,224669/153,7,-166.0,166.0,0.0,0,0.0,19309,250796,438900,45,True,2025-11-05 13:07:37.710,1.0,0.0,49.0,Toasted sandwiches,TOASTED SANDWICH,None,cheese and onion
1169415,2025-11-05 13:08:00,224670/149,7,-79.0,79.0,0.0,0,0.0,19305,250798,438902,45,True,2025-11-05 13:07:42.363,1.0,0.0,79.0,Cakes,TRY ME LIKE ME,None,none
1169420,2025-11-05 13:08:00,224671/152,7,-176.0,176.0,0.0,0,0.0,19305,250799,438904,45,True,2025-11-05 13:07:54.577,2.0,0.0,29.0,Mineral cooldrinks,COKE,300ml,original  
1169420,2025-11-05 13:08:00,224671/152,7,-176.0,176.0,0.0,0,0.0,19305,250799,438904,45,True,2025-11-05 13:07:54.577,2.0,0.0,59.0,Toasted sandwiches,TOASTED SANDWICH,None,cheese ham tomato
1169427,2025-11-05 13:09:00,224672/91,7,-1351.0,1351.0,0.0,0,0.0,19305,250801,438906,45,True,2025-11-05 13:09:37.090,2.0,0.0,59.0,Cakes,CARROT CAKE,Slice,carrot cake
1169427,2025-11-05 13:09:00,224672/91,7,-1351.0,1351.0,0.0,0,0.0,19305,250801,438906,45,True,2025-11-05 13:09:37.090,1.0,0.0,140.0,Wines,NEDERBURG ROSE,bottle,rose
1169427,2025-11-05 13:09:00,224672/91,7,-1351.0,1351.0,0.0,0,0.0,19305,250801,438906,45,True,2025-11-05 13:09:37.090,1.0,0.0,24.0,Beverages Tea,TEA,None,rooibos
1169427,2025-11-05 13:09:00,224672/91,7,-1351.0,1351.0,0.0,0,0.0,19305,250801,438906,45,True,2025-11-05 13:09:37.090,2.0,0.0,36.0,Beverages Coffee,COFFEE,large,cappuccino
1169427,2025-11-05 13:09:00,224672/91,7,-1351.0,1351.0,0.0,0,0.0,19305,250801,438906,45,True,2025-11-05 13:09:37.090,1.0,0.0,29.0,Beverages Coffee,COFFEE,mug,americano
1169427,2025-11-05 13:09:00,224672/91,7,-1351.0,1351.0,0.0,0,0.0,19305,250801,438906,45,True,2025-11-05 13:09:37.090,1.0,0.0,109.0,Light lunches,PASTA,None,chicken brocolli
1169427,2025-11-05 13:09:00,224672/91,7,-1351.0,1351.0,0.0,0,0.0,19305,250801,438906,45,True,2025-11-05 13:09:37.090,1.0,0.0,129.0,Breakfast,BREAKFAST,None,avo full house 
1169427,2025-11-05 13:09:00,224672/91,7,-1351.0,1351.0,0.0,0,0.0,19305,250801,438906,45,True,2025-11-05 13:09:37.090,1.0,0.0,99.0,Open Sandwiches,OPEN TOAST,None,chicken curry
1169427,2025-11-05 13:09:00,224672/91,7,-1351.0,1351.0,0.0,0,0.0,19305,250801,438906,45,True,2025-11-05 13:09:37.090,1.0,0.0,119.0,Tramezinni's,TRAMEZZINI,small,chicken curry mayo peanuts
1169427,2025-11-05 13:09:00,224672/91,7,-1351.0,1351.0,0.0,0,0.0,19305,250801,438906,45,True,2025-11-05 13:09:37.090,1.0,0.0,109.0,Light lunches,COTTAGE PIE,None,none
1169427,2025-11-05 13:09:00,224672/91,7,-1351.0,1351.0,0.0,0,0.0,19305,250801,438906,45,True,2025-11-05 13:09:37.090,1.0,0.0,30.0,Wines,JC LE ROUX,250ml can ,la fleurette
1169427,2025-11-05 13:09:00,224672/91,7,-1351.0,1351.0,0.0,0,0.0,19305,250801,438906,45,True,2025-11-05 13:09:37.090,2.0,0.0,63.0,Toasted sandwiches,TOASTED SANDWICH,None,chicken pesto mayo
1169427,2025-11-05 13:09:00,224672/91,7,-1351.0,1351.0,0.0,0,0.0,19305,250801,438906,45,True,2025-11-05 13:09:37.090,1.0,0.0,69.0,Cakes Cheese,CHEESE CAKE,None,salted caramel
1169427,2025-11-05 13:09:00,224672/91,7,-1351.0,1351.0,0.0,0,0.0,19305,250801,438906,45,True,2025-11-05 13:09:37.090,2.0,0.0,89.0,Cakes Cheese,CHEESE CAKE,None,biscoff vanilla
1169434,2025-11-05 13:10:00,224673/155,7,-85.0,85.0,0.0,0,0.0,19305,250803,438908,45,True,2025-11-05 13:10:30.190,1.0,0.0,29.0,Mineral cooldrinks,COKE,300ml,original  
1169434,2025-11-05 13:10:00,224673/155,7,-85.0,85.0,0.0,0,0.0,19305,250803,438908,45,True,2025-11-05 13:10:30.190,1.0,0.0,20.0,Beverages Cold,WATER,500ml,thirsty mineral still
1169434,2025-11-05 13:10:00,224673/155,7,-85.0,85.0,0.0,0,0.0,19305,250803,438908,45,True,2025-11-05 13:10:30.190,1.0,0.0,36.0,Beverages Coffee,COFFEE,large,cappuccino
1169441,2025-11-05 13:13:00,224674/156,7,-178.0,178.0,0.0,0,0.0,19305,250805,438910,45,True,2025-11-05 13:13:12.100,1.0,0.0,24.0,Beverages Tea,TEA,None,tea five roses
1169441,2025-11-05 13:13:00,224674/156,7,-178.0,178.0,0.0,0,0.0,19305,250805,438910,45,True,2025-11-05 13:13:12.100,1.0,0.0,36.0,Beverages Coffee,COFFEE,large,cappuccino
1169441,2025-11-05 13:13:00,224674/156,7,-178.0,178.0,0.0,0,0.0,19305,250805,438910,45,True,2025-11-05 13:13:12.100,1.0,0.0,59.0,Toasted sandwiches,TOASTED SANDWICH,None,chicken and mayo
1169441,2025-11-05 13:13:00,224674/156,7,-178.0,178.0,0.0,0,0.0,19305,250805,438910,45,True,2025-11-05 13:13:12.100,1.0,0.0,59.0,Toasted sandwiches,TOASTED SANDWICH,None,chicken curry mayo
1169448,2025-11-05 13:19:00,224675/157,7,-512.0,512.0,0.0,0,0.0,19305,250807,438912,45,True,2025-11-05 13:19:39.860,2.0,0.0,59.0,Cakes Scones Muffins,SCONE,lrg,cheese jam and cream
1169448,2025-11-05 13:19:00,224675/157,7,-512.0,512.0,0.0,0,0.0,19305,250807,438912,45,True,2025-11-05 13:19:39.860,1.0,0.0,39.0,Mineral cooldrinks,GRAPETISER,330ml,red
1169448,2025-11-05 13:19:00,224675/157,7,-512.0,512.0,0.0,0,0.0,19305,250807,438912,45,True,2025-11-05 13:19:39.860,1.0,0.0,10.0,Extra,EXTRA,None,almond milk
1169448,2025-11-05 13:19:00,224675/157,7,-512.0,512.0,0.0,0,0.0,19305,250807,438912,45,True,2025-11-05 13:19:39.860,1.0,0.0,39.0,Beverages Coffee,COFFEE,None,dirty chai
1169448,2025-11-05 13:19:00,224675/157,7,-512.0,512.0,0.0,0,0.0,19305,250807,438912,45,True,2025-11-05 13:19:39.860,1.0,0.0,29.0,Beverages Coffee,COFFEE,regular,cappuccino
1169448,2025-11-05 13:19:00,224675/157,7,-512.0,512.0,0.0,0,0.0,19305,250807,438912,45,True,2025-11-05 13:19:39.860,1.0,0.0,119.0,Tramezinni's,TRAMEZZINI,None,falafal veg cranberry onion
1169448,2025-11-05 13:19:00,224675/157,7,-512.0,512.0,0.0,0,0.0,19305,250807,438912,45,True,2025-11-05 13:19:39.860,1.0,0.0,99.0,Light lunches,CURRY MINCE,None,none
1169448,2025-11-05 13:19:00,224675/157,7,-512.0,512.0,0.0,0,0.0,19305,250807,438912,45,True,2025-11-05 13:19:39.860,1.0,0.0,59.0,Toasted sandwiches,TOASTED SANDWICH,None,chicken curry mayo
1169455,2025-11-05 13:21:00,224676/159,7,-190.0,190.0,0.0,0,0.0,19305,250809,438914,45,True,2025-11-05 13:21:02.640,2.0,0.0,59.0,Cakes Scones Muffins,SCONE,lrg,cheese jam and cream
1169455,2025-11-05 13:21:00,224676/159,7,-190.0,190.0,0.0,0,0.0,19305,250809,438914,45,True,2025-11-05 13:21:02.640,2.0,0.0,36.0,Beverages Coffee,COFFEE,large,cappuccino
1169460,2025-11-05 13:21:00,224677/158,7,-50.6,50.6,0.0,0,0.0,19309,250810,438916,45,True,2025-11-05 13:21:03.257,1.0,0.20000000298023224,32.0,Beverages Coffee,COFFEE,mug,americano decaf
1169460,2025-11-05 13:21:00,224677/158,7,-50.6,50.6,0.0,0,0.0,19309,250810,438916,45,True,2025-11-05 13:21:03.257,1.0,0.0,25.0,Cakes,BANANA CAKE,None,banana cake iced
1169467,2025-11-05 13:24:00,224678/161,7,-104.0,104.0,0.0,0,0.0,19305,250812,438918,45,True,2025-11-05 13:23:45.117,1.0,0.0,36.0,Beverages Coffee,COFFEE,large,cappuccino
1169467,2025-11-05 13:24:00,224678/161,7,-104.0,104.0,0.0,0,0.0,19305,250812,438918,45,True,2025-11-05 13:23:45.117,1.0,0.0,29.0,Beverages Coffee,COFFEE,mug,americano
1169467,2025-11-05 13:24:00,224678/161,7,-104.0,104.0,0.0,0,0.0,19305,250812,438918,45,True,2025-11-05 13:23:45.117,1.0,0.0,39.0,Cakes,LEMON DRIZZLE,None,none
1169476,2025-11-05 13:34:00,224679/162,7,-125.0,125.0,0.0,0,0.0,19309,250815,438920,45,True,2025-11-05 13:33:39.770,2.0,0.0,9.0,Extra,EXTRA,Slice,toast ciabatta
1169476,2025-11-05 13:34:00,224679/162,7,-125.0,125.0,0.0,0,0.0,19309,250815,438920,45,True,2025-11-05 13:33:39.770,1.0,0.0,24.0,Beverages Tea,TEA,None,tea five roses
1169476,2025-11-05 13:34:00,224679/162,7,-125.0,125.0,0.0,0,0.0,19309,250815,438920,45,True,2025-11-05 13:33:39.770,1.0,0.0,25.0,Beverages Coffee,COFFEE,cup,americano
1169476,2025-11-05 13:34:00,224679/162,7,-125.0,125.0,0.0,0,0.0,19309,250815,438920,45,True,2025-11-05 13:33:39.770,2.0,0.0,29.0,Breakfast,BREAKFAST,None,poached
1169483,2025-11-05 13:36:00,224680/163,7,-230.0,230.0,0.0,0,0.0,19305,250817,438922,45,True,2025-11-05 13:35:49.340,2.0,0.0,36.0,Beverages Coffee,COFFEE,large,cappuccino
1169483,2025-11-05 13:36:00,224680/163,7,-230.0,230.0,0.0,0,0.0,19305,250817,438922,45,True,2025-11-05 13:35:49.340,1.0,0.0,89.0,Cakes Cheese,CHEESE CAKE,None,milo
1169483,2025-11-05 13:36:00,224680/163,7,-230.0,230.0,0.0,0,0.0,19305,250817,438922,45,True,2025-11-05 13:35:49.340,1.0,0.0,69.0,Cakes Cheese,CHEESE CAKE,None,salted caramel
1169490,2025-11-05 13:41:00,224681/164,7,-225.0,225.0,0.0,0,0.0,19309,250819,438924,45,True,2025-11-05 13:41:06.880,1.0,0.0,94.0,Light lunches,BURGER,None,cheese burger
1169490,2025-11-05 13:41:00,224681/164,7,-225.0,225.0,0.0,0,0.0,19309,250819,438924,45,True,2025-11-05 13:41:06.880,1.0,0.0,36.0,Beverages Coffee,COFFEE,large,cappuccino
1169490,2025-11-05 13:41:00,224681/164,7,-225.0,225.0,0.0,0,0.0,19309,250819,438924,45,True,2025-11-05 13:41:06.880,1.0,0.0,59.0,Breakfast,BREAKFAST,None,lite
1169490,2025-11-05 13:41:00,224681/164,7,-225.0,225.0,0.0,0,0.0,19309,250819,438924,45,True,2025-11-05 13:41:06.880,1.0,0.0,36.0,Beverages Tea,RED CAPPUCCINO,None,none
1169495,2025-11-05 13:43:00,224682/165,7,-227.0,227.0,0.0,0,0.0,19305,250820,438926,45,True,2025-11-05 13:42:59.130,1.0,0.0,59.0,Cakes,CARROT CAKE,Slice,carrot cake
1169495,2025-11-05 13:43:00,224682/165,7,-227.0,227.0,0.0,0,0.0,19305,250820,438926,45,True,2025-11-05 13:42:59.130,1.0,0.0,7.0,Beverages Coffee,COFFEE,None,extra shot
1169495,2025-11-05 13:43:00,224682/165,7,-227.0,227.0,0.0,0,0.0,19305,250820,438926,45,True,2025-11-05 13:42:59.130,2.0,0.0,36.0,Beverages Coffee,COFFEE,large,cappuccino
1169495,2025-11-05 13:43:00,224682/165,7,-227.0,227.0,0.0,0,0.0,19305,250820,438926,45,True,2025-11-05 13:42:59.130,1.0,0.0,89.0,Cakes,CHOC NUT CAKE,None,none
1169502,2025-11-05 13:46:00,224683/167,7,-88.0,88.0,0.0,0,0.0,19305,250822,438928,45,True,2025-11-05 13:45:47.943,1.0,0.0,29.0,Mineral cooldrinks,COKE,300ml,original  
1169502,2025-11-05 13:46:00,224683/167,7,-88.0,88.0,0.0,0,0.0,19305,250822,438928,45,True,2025-11-05 13:45:47.943,1.0,0.0,59.0,Toasted sandwiches,TOASTED SANDWICH,None,chicken and mayo
1169507,2025-11-05 13:47:00,224684/166,7,-54.0,54.0,0.0,0,0.0,19309,250823,438930,45,True,2025-11-05 13:47:55.807,1.0,0.0,25.0,Beverages Coffee,COFFEE,cup,americano
1169507,2025-11-05 13:47:00,224684/166,7,-54.0,54.0,0.0,0,0.0,19309,250823,438930,45,True,2025-11-05 13:47:55.807,1.0,0.0,29.0,Beverages Coffee,COFFEE,regular,cappuccino
1169514,2025-11-05 13:49:00,224685/168,7,-196.0,196.0,0.0,0,0.0,19305,250825,438932,45,True,2025-11-05 13:48:48.423,1.0,0.0,39.0,Mineral cooldrinks,GRAPETISER,330ml,red
1169514,2025-11-05 13:49:00,224685/168,7,-196.0,196.0,0.0,0,0.0,19305,250825,438932,45,True,2025-11-05 13:48:48.423,1.0,0.0,59.0,Cakes,CARROT CAKE,Slice,carrot cake
1169514,2025-11-05 13:49:00,224685/168,7,-196.0,196.0,0.0,0,0.0,19305,250825,438932,45,True,2025-11-05 13:48:48.423,1.0,0.0,29.0,Beverages Coffee,COFFEE,regular,cappuccino
1169514,2025-11-05 13:49:00,224685/168,7,-196.0,196.0,0.0,0,0.0,19305,250825,438932,45,True,2025-11-05 13:48:48.423,1.0,0.0,69.0,Cakes Cheese,CHEESE CAKE,Slice,baked sour cream berry coulis
1169521,2025-11-05 13:55:00,224686/169,7,-249.0,249.0,0.0,0,0.0,19309,250827,438934,45,True,2025-11-05 13:54:59.337,1.0,0.0,49.0,Cakes,MILK TART,Slice,none
1169521,2025-11-05 13:55:00,224686/169,7,-249.0,249.0,0.0,0,0.0,19309,250827,438934,45,True,2025-11-05 13:54:59.337,2.0,0.0,59.0,Cakes,CARROT CAKE,Slice,carrot cake
1169521,2025-11-05 13:55:00,224686/169,7,-249.0,249.0,0.0,0,0.0,19309,250827,438934,45,True,2025-11-05 13:54:59.337,1.0,0.0,23.0,Beverages Coffee,COFFEE,None,espresso
1169521,2025-11-05 13:55:00,224686/169,7,-249.0,249.0,0.0,0,0.0,19309,250827,438934,45,True,2025-11-05 13:54:59.337,1.0,0.0,7.0,Beverages Coffee,COFFEE,None,extra shot
1169521,2025-11-05 13:55:00,224686/169,7,-249.0,249.0,0.0,0,0.0,19309,250827,438934,45,True,2025-11-05 13:54:59.337,2.0,0.0,26.0,Beverages Coffee,SKINNY CAPPUCINO,small,none
1169528,2025-11-05 13:55:00,224687/170,7,-28.0,28.0,0.0,0,0.0,19305,250829,438936,45,True,2025-11-05 13:55:24.523,1.0,0.20000000298023224,35.0,Cakes Scones Muffins,MUFFIN SPINACH FETA,None,only
1169533,2025-11-05 13:59:00,224688/171,7,-158.0,158.0,0.0,0,0.0,19309,250830,438938,45,True,2025-11-05 13:59:11.077,1.0,0.0,29.0,Mineral cooldrinks,SPRITE ZERO,340ml,can
1169533,2025-11-05 13:59:00,224688/171,7,-158.0,158.0,0.0,0,0.0,19309,250830,438938,45,True,2025-11-05 13:59:11.077,1.0,0.0,129.0,Light lunches,CHICKEN CURRY BUTTER,None,none
1169538,2025-11-05 14:07:00,224689/173,7,-79.0,79.0,0.0,0,0.0,19305,250831,438940,45,True,2025-11-05 14:07:18.733,1.0,0.0,79.0,Cakes,TRY ME LIKE ME,None,none
1169543,2025-11-05 14:09:00,224690,7,-221.0,221.0,0.0,0,0.0,19305,250832,0,45,True,2025-11-05 14:08:34.363,2.0,0.0,24.0,Beverages Tea,TEA,None,rooibos
1169543,2025-11-05 14:09:00,224690,7,-221.0,221.0,0.0,0,0.0,19305,250832,0,45,True,2025-11-05 14:08:34.363,4.0,0.0,36.0,Beverages Coffee,COFFEE,large,cappuccino
1169543,2025-11-05 14:09:00,224690,7,-221.0,221.0,0.0,0,0.0,19305,250832,0,45,True,2025-11-05 14:08:34.363,1.0,0.0,29.0,Beverages Cold,ICE COFFEE,None,milk 
1169546,2025-11-05 14:09:00,224691/172,7,-191.0,191.0,0.0,0,0.0,19309,250833,438942,45,True,2025-11-05 14:09:26.690,1.0,0.0,24.0,Beverages Tea,TEA,None,tea five roses
1169546,2025-11-05 14:09:00,224691/172,7,-191.0,191.0,0.0,0,0.0,19309,250833,438942,45,True,2025-11-05 14:09:26.690,1.0,0.0,29.0,Beverages Coffee,COFFEE,regular,cappuccino
1169546,2025-11-05 14:09:00,224691/172,7,-191.0,191.0,0.0,0,0.0,19309,250833,438942,45,True,2025-11-05 14:09:26.690,1.0,0.0,79.0,Cakes,LAMINGTON,None,none
1169546,2025-11-05 14:09:00,224691/172,7,-191.0,191.0,0.0,0,0.0,19309,250833,438942,45,True,2025-11-05 14:09:26.690,1.0,0.0,59.0,Toasted sandwiches,TOASTED SANDWICH,None,chicken and mayo
1169553,2025-11-05 14:18:00,224692/176,7,-72.0,72.0,0.0,0,0.0,19305,250835,438944,45,True,2025-11-05 14:17:43.263,2.0,0.0,36.0,Beverages Coffee,COFFEE,large,cappuccino
1169560,2025-11-05 14:24:00,224693/177,7,-99.0,99.0,0.0,0,0.0,19305,250837,438946,45,True,2025-11-05 14:24:04.690,1.0,0.0,99.0,Light lunches,CURRY MINCE,None,none
1169567,2025-11-05 14:24:00,224694/160,7,-134.3,134.3,0.0,0,0.0,19309,250839,438948,45,True,2025-11-05 14:24:25.780,2.0,0.15000000596046448,79.0,Light lunches,QUICHES,None,just quiche
1169572,2025-11-05 14:29:00,224695/175,7,-158.0,158.0,0.0,0,0.0,19309,250840,438950,45,True,2025-11-05 14:29:33.720,1.0,0.0,29.0,Mineral cooldrinks,COKE,300ml,zero
1169572,2025-11-05 14:29:00,224695/175,7,-158.0,158.0,0.0,0,0.0,19309,250840,438950,45,True,2025-11-05 14:29:33.720,1.0,0.0,129.0,Tramezinni's,TRAMEZZINI,small,bacon cranberry feta onion 
1169579,2025-11-05 14:32:00,224696/178,7,-36.0,36.0,0.0,0,0.0,19309,250842,438952,45,True,2025-11-05 14:32:00.793,1.0,0.0,36.0,Beverages Coffee,COFFEE,large,cappuccino
1169594,2025-11-05 14:37:00,224697/179,7,-233.0,233.0,0.0,0,0.0,19312,250844,438959,45,True,2025-11-05 14:37:16.230,1.0,0.0,36.0,Beverages Coffee,COFFEE,large,cappuccino
1169594,2025-11-05 14:37:00,224697/179,7,-233.0,233.0,0.0,0,0.0,19312,250844,438959,45,True,2025-11-05 14:37:16.230,1.0,0.0,29.0,Beverages Coffee,COFFEE,regular,cappuccino
1169594,2025-11-05 14:37:00,224697/179,7,-233.0,233.0,0.0,0,0.0,19312,250844,438959,45,True,2025-11-05 14:37:16.230,1.0,0.0,79.0,Cakes,TRY ME LIKE ME,None,none
1169594,2025-11-05 14:37:00,224697/179,7,-233.0,233.0,0.0,0,0.0,19312,250844,438959,45,True,2025-11-05 14:37:16.230,1.0,0.0,89.0,Cakes,CHOC NUT CAKE,None,none
1169611,2025-11-05 14:46:00,224698/181,7,-29.0,29.0,0.0,0,0.0,19312,250847,438966,45,True,2025-11-05 14:46:26.577,1.0,0.0,29.0,Mineral cooldrinks,COKE,300ml,original  
1169616,2025-11-05 14:49:00,224699/105,7,-172.0,172.0,0.0,0,0.0,19309,250848,438968,45,True,2025-11-05 14:48:53.880,2.0,0.0,25.0,Cakes Scones Muffins,SCONE,None,scone only
1169616,2025-11-05 14:49:00,224699/105,7,-172.0,172.0,0.0,0,0.0,19309,250848,438968,45,True,2025-11-05 14:48:53.880,2.0,0.0,49.0,Cakes Scones Muffins,SCONE,lrg,cream jam
1169616,2025-11-05 14:49:00,224699/105,7,-172.0,172.0,0.0,0,0.0,19309,250848,438968,45,True,2025-11-05 14:48:53.880,1.0,0.0,24.0,Beverages Tea,TEA,None,tea five roses
1169623,2025-11-05 14:53:00,224700/183,7,-127.0,127.0,0.0,0,0.0,19312,250850,438970,45,True,2025-11-05 14:52:57.213,2.0,0.0,29.0,Beverages Coffee,COFFEE,regular,cappuccino
1169623,2025-11-05 14:53:00,224700/183,7,-127.0,127.0,0.0,0,0.0,19312,250850,438970,45,True,2025-11-05 14:52:57.213,1.0,0.0,69.0,Cakes Cheese,CHEESE CAKE,None,salted caramel
1169630,2025-11-05 14:54:00,224701/184,7,-49.0,49.0,0.0,0,0.0,19312,250852,438972,45,True,2025-11-05 14:54:33.317,1.0,0.0,29.0,Mineral cooldrinks,ICE TEA,330ml,peach
1169630,2025-11-05 14:54:00,224701/184,7,-49.0,49.0,0.0,0,0.0,19312,250852,438972,45,True,2025-11-05 14:54:33.317,1.0,0.0,20.0,Beverages Cold,WATER,500ml,thirsty mineral still
1169635,2025-11-05 14:55:00,224702/185,7,-58.0,58.0,0.0,0,0.0,19312,250853,438974,45,True,2025-11-05 14:54:42.037,2.0,0.0,29.0,Mineral cooldrinks,COKE,300ml,zero
1169640,2025-11-05 14:55:00,224703/186,7,-72.0,72.0,0.0,0,0.0,19312,250854,438976,45,True,2025-11-05 14:55:18.523,2.0,0.0,36.0,Beverages Coffee,COFFEE,large,cappuccino
1169645,2025-11-05 14:56:00,224704/182,7,-438.0,438.0,0.0,0,0.0,19309,250855,438978,45,True,2025-11-05 14:56:17.150,1.0,0.0,170.0,Wines,DURBANVILLE HILLS SAUV BLANC,bottle 750ml,none
1169645,2025-11-05 14:56:00,224704/182,7,-438.0,438.0,0.0,0,0.0,19309,250855,438978,45,True,2025-11-05 14:56:17.150,1.0,0.0,139.0,Tramezinni's,TRAMEZZINI,small,"chicken, mayo, bacon, feta  "
1169645,2025-11-05 14:56:00,224704/182,7,-438.0,438.0,0.0,0,0.0,19309,250855,438978,45,True,2025-11-05 14:56:17.150,1.0,0.0,129.0,Tramezinni's,TRAMEZZINI,small,bacon cranberry feta onion 
1169652,2025-11-05 15:01:00,224705/188,7,-174.4,174.4,0.0,0,0.0,19312,250857,438980,45,True,2025-11-05 15:01:21.183,2.0,0.20000000298023224,109.0,Light lunches,COTTAGE PIE,None,none
1169662,2025-11-05 15:08:00,224707/189,7,-46.4,46.4,0.0,0,0.0,19309,250859,438984,45,True,2025-11-05 15:08:25.357,2.0,0.20000000298023224,29.0,Deli-biscuits,FRIDGE FUDGE,None,none
1169677,2025-11-05 15:15:00,224708/190,7,-286.0,286.0,0.0,0,0.0,19309,250861,438991,45,True,2025-11-05 15:15:05.977,2.0,0.0,69.0,Cakes,CHOC PECAN,None,none
1169677,2025-11-05 15:15:00,224708/190,7,-286.0,286.0,0.0,0,0.0,19309,250861,438991,45,True,2025-11-05 15:15:05.977,1.0,0.0,79.0,Cakes,TRY ME LIKE ME,None,none
1169677,2025-11-05 15:15:00,224708/190,7,-286.0,286.0,0.0,0,0.0,19309,250861,438991,45,True,2025-11-05 15:15:05.977,1.0,0.0,69.0,Cakes Cheese,CHEESE CAKE,Slice,baked sour cream berry coulis
1169684,2025-11-05 15:16:00,224709/191,7,-79.0,79.0,0.0,0,0.0,19309,250863,438993,45,True,2025-11-05 15:16:13.430,1.0,0.0,36.0,Beverages Coffee,COFFEE,large,cappuccino
1169684,2025-11-05 15:16:00,224709/191,7,-79.0,79.0,0.0,0,0.0,19309,250863,438993,45,True,2025-11-05 15:16:13.430,1.0,0.0,43.0,Beverages Cold,MILO FLOAT,None,none
1169699,2025-11-05 15:24:00,224710/192,7,-39.0,39.0,0.0,0,0.0,19309,250865,439000,45,True,2025-11-05 15:24:11.510,1.0,0.0,39.0,Cakes,LEMON DRIZZLE,None,none
1169704,2025-11-05 15:36:00,224711/193,7,-79.0,79.0,0.0,0,0.0,19312,250866,439002,45,True,2025-11-05 15:36:24.537,1.0,0.0,79.0,Cakes,LAMINGTON,None,none
1169716,2025-11-05 15:41:00,224712/194,7,-98.0,98.0,0.0,0,0.0,19309,250870,439004,45,True,2025-11-05 15:41:37.463,1.0,0.0,29.0,Beverages Coffee,COFFEE,regular,cappuccino
1169716,2025-11-05 15:41:00,224712/194,7,-98.0,98.0,0.0,0,0.0,19309,250870,439004,45,True,2025-11-05 15:41:37.463,1.0,0.0,69.0,Cakes Cheese,CHEESE CAKE,Slice,baked sour cream berry coulis
1169728,2025-11-05 15:41:00,224713/180,7,-90.0,90.0,0.0,0,0.0,19312,250874,439006,45,True,2025-11-05 15:42:51.710,1.0,0.0,36.0,Beverages Coffee,COFFEE,None,latte
1169728,2025-11-05 15:41:00,224713/180,7,-90.0,90.0,0.0,0,0.0,19312,250874,439006,45,True,2025-11-05 15:42:51.710,1.0,0.0,29.0,Breakfast,BREAKFAST,None,poached
1169728,2025-11-05 15:41:00,224713/180,7,-90.0,90.0,0.0,0,0.0,19312,250874,439006,45,True,2025-11-05 15:42:51.710,1.0,0.0,25.0,Cakes,BANANA CAKE,None,banana cake iced
1169733,2025-11-05 15:43:00,224714/195,7,-78.0,78.0,0.0,0,0.0,19309,250875,439008,45,True,2025-11-05 15:43:38.330,2.0,0.0,39.0,Beverages Hot,CHAI LATTE,None,none
1169748,2025-11-05 16:01:00,224715/196,7,-68.0,68.0,0.0,0,0.0,19309,250881,439012,45,True,2025-11-05 16:00:43.143,1.0,0.0,39.0,Beverages Hot,HOT CHOCOLATE,None,white hot chocolate
1169748,2025-11-05 16:01:00,224715/196,7,-68.0,68.0,0.0,0,0.0,19309,250881,439012,45,True,2025-11-05 16:00:43.143,1.0,0.0,29.0,Beverages Coffee,COFFEE,regular,cappuccino
1169755,2025-11-05 16:03:00,224716/197,7,-23.2,23.2,0.0,0,0.0,19312,250883,439014,45,True,2025-11-05 16:02:35.367,1.0,0.20000000298023224,29.0,Mineral cooldrinks,COKE,300ml,original  
1169764,2025-11-05 16:03:00,224717,7,-72.0,72.0,0.0,0,0.0,19312,250886,0,45,True,2025-11-05 16:03:18.407,2.0,0.0,36.0,Beverages Coffee,COFFEE,large,cappuccino
1169767,2025-11-05 16:04:00,224718,7,-66.0,66.0,0.0,0,0.0,19312,250887,0,45,True,2025-11-05 16:03:38.487,1.0,0.0,20.0,Beverages Cold,WATER,500ml,thirsty mineral still
1169767,2025-11-05 16:04:00,224718,7,-66.0,66.0,0.0,0,0.0,19312,250887,0,45,True,2025-11-05 16:03:38.487,1.0,0.0,26.0,Beverages Tea,TEA,None,mint
1169767,2025-11-05 16:04:00,224718,7,-66.0,66.0,0.0,0,0.0,19312,250887,0,45,True,2025-11-05 16:03:38.487,1.0,0.0,20.0,Beverages Coffee,COFFEE,mug,americano black 
1169770,2025-11-05 16:05:00,224719/107,7,-111.2,111.2,0.0,0,0.0,19312,250888,439016,45,True,2025-11-05 16:04:46.907,1.0,0.20000000298023224,139.0,Tramezinni's,TRAMEZZINI,small,"chicken, mayo, bacon, feta  "
1169788,2025-11-05 16:21:00,224720/198,7,-237.0,237.0,0.0,0,0.0,19309,250894,439019,45,True,2025-11-05 16:21:31.267,1.0,0.0,59.0,Cakes,CARROT CAKE,Slice,carrot cake
1169788,2025-11-05 16:21:00,224720/198,7,-237.0,237.0,0.0,0,0.0,19309,250894,439019,45,True,2025-11-05 16:21:31.267,2.0,0.0,89.0,Cakes Cheese,CHEESE CAKE,None,milo
1169797,2025-11-05 16:31:00,224722,7,-78.0,78.0,0.0,0,0.0,19309,250897,0,45,True,2025-11-05 16:30:48.420,1.0,0.0,29.0,Mineral cooldrinks,COKE,300ml,zero
1169797,2025-11-05 16:31:00,224722,7,-78.0,78.0,0.0,0,0.0,19309,250897,0,45,True,2025-11-05 16:30:48.420,1.0,0.0,29.0,Mineral cooldrinks,CREAM SODA,340ml,can
1169797,2025-11-05 16:31:00,224722,7,-78.0,78.0,0.0,0,0.0,19309,250897,0,45,True,2025-11-05 16:30:48.420,1.0,0.0,20.0,Beverages Cold,WATER,500ml,sparkling
